-- Generated by scripts/gen-seed.mjs (deterministic seed). Apply after schema.sql.
-- Your logic must price ANY guide correctly.

INSERT INTO access_routes (id, name) VALUES
  ('route-a', 'Anterior'),
  ('route-b', 'Posterior'),
  ('route-c', 'Lateral'),
  ('route-d', 'Endoscopica'),
  ('route-e', 'Percutanea');

INSERT INTO payers (id, name) VALUES
  ('payer-x', 'Convênio X'),
  ('payer-y', 'Convênio Y'),
  ('payer-z', 'Convênio Z'),
  ('payer-w', 'Convênio W'),
  ('payer-v', 'Convênio V');

INSERT INTO pricing_rules (id, payer_id, reduction_pct, group_by) VALUES
  ('default', NULL, '[100,70,50]', 'accessRoute'),
  ('payer-x', 'payer-x', '[100,50]', 'accessRoute'),
  ('payer-y', 'payer-y', '[100,75,50,50]', 'accessRoute'),
  ('payer-z', 'payer-z', '[100,50]', 'accessRoute'),
  ('payer-w', 'payer-w', '[100,60,40]', 'accessRoute'),
  ('payer-v', 'payer-v', '[100,75,50,50]', 'accessRoute');

INSERT INTO procedures (tuss_code, description, base_value_cents, access_route_id) VALUES
  ('30602246', 'Artrodese de grande articulacao', 80000, 'route-a'),
  ('30602050', 'Tenotomia', 33333, 'route-a'),
  ('30715016', 'Sutura de tendao', 33333, 'route-a'),
  ('40808152', 'Radiografia', 30000, 'route-b'),
  ('40000000', 'Radiografia 0000', 81427, 'route-d'),
  ('40000001', 'Enxerto 0001', 73524, 'route-e'),
  ('40000002', 'Mamografia 0002', 49519, 'route-c'),
  ('40000003', 'Densitometria 0003', 93600, 'route-c'),
  ('40000004', 'Osteossintese 0004', 12459, 'route-a'),
  ('40000005', 'Ressonancia 0005', 13918, 'route-d'),
  ('40000006', 'Endoscopia 0006', 8917, 'route-e'),
  ('40000007', 'Cauterizacao 0007', 122331, 'route-c'),
  ('40000008', 'Artrodese 0008', 12455, 'route-c'),
  ('40000009', 'Tomografia 0009', 98620, 'route-b'),
  ('40000010', 'Mamografia 0010', 129550, 'route-b'),
  ('40000011', 'Ressonancia 0011', 47507, 'route-d'),
  ('40000012', 'Densitometria 0012', 105592, 'route-a'),
  ('40000013', 'Reducao de fratura 0013', 67594, 'route-a'),
  ('40000014', 'Sutura de tendao 0014', 7236, 'route-c'),
  ('40000015', 'Ultrassonografia 0015', 135507, 'route-d'),
  ('40000016', 'Reducao de fratura 0016', 45370, 'route-a'),
  ('40000017', 'Endoscopia 0017', 124212, 'route-e'),
  ('40000018', 'Colonoscopia 0018', 137943, 'route-c'),
  ('40000019', 'Biopsia 0019', 91532, 'route-d'),
  ('40000020', 'Ressonancia 0020', 70284, 'route-d'),
  ('40000021', 'Infiltracao 0021', 134143, 'route-c'),
  ('40000022', 'Ressonancia 0022', 19669, 'route-b'),
  ('40000023', 'Artroscopia 0023', 136209, 'route-c'),
  ('40000024', 'Osteossintese 0024', 23897, 'route-a'),
  ('40000025', 'Mamografia 0025', 106522, 'route-c'),
  ('40000026', 'Radiografia 0026', 99933, 'route-b'),
  ('40000027', 'Ultrassonografia 0027', 133632, 'route-d'),
  ('40000028', 'Drenagem 0028', 24086, 'route-b'),
  ('40000029', 'Artrodese 0029', 111963, 'route-e'),
  ('40000030', 'Reducao de fratura 0030', 35360, 'route-c'),
  ('40000031', 'Radiografia 0031', 11870, 'route-d'),
  ('40000032', 'Ressonancia 0032', 44933, 'route-a'),
  ('40000033', 'Tomografia 0033', 149157, 'route-e'),
  ('40000034', 'Radiografia 0034', 29756, 'route-b'),
  ('40000035', 'Drenagem 0035', 68041, 'route-d'),
  ('40000036', 'Drenagem 0036', 53789, 'route-b'),
  ('40000037', 'Cauterizacao 0037', 93654, 'route-c'),
  ('40000038', 'Tomografia 0038', 52229, 'route-b'),
  ('40000039', 'Densitometria 0039', 37016, 'route-d'),
  ('40000040', 'Biopsia 0040', 23131, 'route-a'),
  ('40000041', 'Colonoscopia 0041', 35148, 'route-b'),
  ('40000042', 'Mamografia 0042', 137481, 'route-c'),
  ('40000043', 'Radiografia 0043', 130852, 'route-e'),
  ('40000044', 'Enxerto 0044', 70314, 'route-d'),
  ('40000045', 'Osteossintese 0045', 35238, 'route-c'),
  ('40000046', 'Infiltracao 0046', 76385, 'route-e'),
  ('40000047', 'Mamografia 0047', 12706, 'route-a'),
  ('40000048', 'Endoscopia 0048', 103176, 'route-e'),
  ('40000049', 'Osteossintese 0049', 96683, 'route-e'),
  ('40000050', 'Colonoscopia 0050', 55944, 'route-e'),
  ('40000051', 'Densitometria 0051', 55693, 'route-d'),
  ('40000052', 'Biopsia 0052', 127515, 'route-b'),
  ('40000053', 'Artrodese 0053', 17464, 'route-d'),
  ('40000054', 'Infiltracao 0054', 132646, 'route-d'),
  ('40000055', 'Sutura de tendao 0055', 44613, 'route-a'),
  ('40000056', 'Ressonancia 0056', 68956, 'route-d'),
  ('40000057', 'Artroscopia 0057', 118819, 'route-d'),
  ('40000058', 'Endoscopia 0058', 69346, 'route-c'),
  ('40000059', 'Exerese de lesao 0059', 53130, 'route-a'),
  ('40000060', 'Endoscopia 0060', 43753, 'route-c'),
  ('40000061', 'Ultrassonografia 0061', 68413, 'route-a'),
  ('40000062', 'Sutura de tendao 0062', 141806, 'route-e'),
  ('40000063', 'Exerese de lesao 0063', 77909, 'route-e'),
  ('40000064', 'Tenotomia 0064', 58722, 'route-d'),
  ('40000065', 'Colonoscopia 0065', 18796, 'route-d'),
  ('40000066', 'Densitometria 0066', 120554, 'route-e'),
  ('40000067', 'Endoscopia 0067', 30607, 'route-a'),
  ('40000068', 'Tenotomia 0068', 43167, 'route-d'),
  ('40000069', 'Colonoscopia 0069', 146702, 'route-b'),
  ('40000070', 'Biopsia 0070', 46283, 'route-c'),
  ('40000071', 'Tomografia 0071', 142095, 'route-b'),
  ('40000072', 'Endoscopia 0072', 129793, 'route-d'),
  ('40000073', 'Colonoscopia 0073', 122531, 'route-c'),
  ('40000074', 'Artroscopia 0074', 84768, 'route-c'),
  ('40000075', 'Endoscopia 0075', 145398, 'route-d'),
  ('40000076', 'Biopsia 0076', 96666, 'route-e'),
  ('40000077', 'Drenagem 0077', 132331, 'route-e'),
  ('40000078', 'Exerese de lesao 0078', 54253, 'route-e'),
  ('40000079', 'Ultrassonografia 0079', 130969, 'route-a'),
  ('40000080', 'Ressonancia 0080', 144548, 'route-b'),
  ('40000081', 'Ultrassonografia 0081', 116973, 'route-d'),
  ('40000082', 'Radiografia 0082', 127890, 'route-c'),
  ('40000083', 'Cauterizacao 0083', 15549, 'route-e'),
  ('40000084', 'Densitometria 0084', 66144, 'route-d'),
  ('40000085', 'Mamografia 0085', 80104, 'route-a'),
  ('40000086', 'Tenotomia 0086', 22537, 'route-e'),
  ('40000087', 'Osteossintese 0087', 104108, 'route-a'),
  ('40000088', 'Ressonancia 0088', 106526, 'route-e'),
  ('40000089', 'Ultrassonografia 0089', 136888, 'route-b'),
  ('40000090', 'Tenotomia 0090', 96023, 'route-c'),
  ('40000091', 'Ressonancia 0091', 42772, 'route-c'),
  ('40000092', 'Cauterizacao 0092', 90810, 'route-d'),
  ('40000093', 'Densitometria 0093', 138211, 'route-a'),
  ('40000094', 'Artrodese 0094', 54424, 'route-b'),
  ('40000095', 'Infiltracao 0095', 89384, 'route-b'),
  ('40000096', 'Ultrassonografia 0096', 9673, 'route-d'),
  ('40000097', 'Drenagem 0097', 34678, 'route-c'),
  ('40000098', 'Sutura de tendao 0098', 16977, 'route-c'),
  ('40000099', 'Enxerto 0099', 119949, 'route-e'),
  ('40000100', 'Radiografia 0100', 26155, 'route-d'),
  ('40000101', 'Tomografia 0101', 116724, 'route-a'),
  ('40000102', 'Densitometria 0102', 92455, 'route-b'),
  ('40000103', 'Reducao de fratura 0103', 80774, 'route-a'),
  ('40000104', 'Infiltracao 0104', 89228, 'route-a'),
  ('40000105', 'Biopsia 0105', 108376, 'route-b'),
  ('40000106', 'Enxerto 0106', 71118, 'route-d'),
  ('40000107', 'Endoscopia 0107', 32385, 'route-a'),
  ('40000108', 'Sutura de tendao 0108', 149321, 'route-c'),
  ('40000109', 'Endoscopia 0109', 94948, 'route-d'),
  ('40000110', 'Radiografia 0110', 147082, 'route-b'),
  ('40000111', 'Tomografia 0111', 80176, 'route-c'),
  ('40000112', 'Cauterizacao 0112', 41549, 'route-a'),
  ('40000113', 'Enxerto 0113', 57742, 'route-b'),
  ('40000114', 'Endoscopia 0114', 10966, 'route-a'),
  ('40000115', 'Reducao de fratura 0115', 115765, 'route-e'),
  ('40000116', 'Tenotomia 0116', 90154, 'route-c'),
  ('40000117', 'Endoscopia 0117', 73945, 'route-c'),
  ('40000118', 'Artrodese 0118', 107700, 'route-d'),
  ('40000119', 'Radiografia 0119', 58572, 'route-e'),
  ('40000120', 'Ressonancia 0120', 94690, 'route-c'),
  ('40000121', 'Artrodese 0121', 87349, 'route-c'),
  ('40000122', 'Cauterizacao 0122', 114312, 'route-d'),
  ('40000123', 'Colonoscopia 0123', 142283, 'route-c'),
  ('40000124', 'Artrodese 0124', 137106, 'route-c'),
  ('40000125', 'Cauterizacao 0125', 103955, 'route-d'),
  ('40000126', 'Enxerto 0126', 101398, 'route-e'),
  ('40000127', 'Infiltracao 0127', 122795, 'route-e'),
  ('40000128', 'Radiografia 0128', 17999, 'route-a'),
  ('40000129', 'Cauterizacao 0129', 131867, 'route-d'),
  ('40000130', 'Biopsia 0130', 126945, 'route-e'),
  ('40000131', 'Densitometria 0131', 41315, 'route-b'),
  ('40000132', 'Mamografia 0132', 12313, 'route-b'),
  ('40000133', 'Ultrassonografia 0133', 59363, 'route-e'),
  ('40000134', 'Exerese de lesao 0134', 119973, 'route-a'),
  ('40000135', 'Densitometria 0135', 132025, 'route-c'),
  ('40000136', 'Enxerto 0136', 72738, 'route-e'),
  ('40000137', 'Ultrassonografia 0137', 50746, 'route-c'),
  ('40000138', 'Infiltracao 0138', 30059, 'route-a'),
  ('40000139', 'Ultrassonografia 0139', 120443, 'route-c'),
  ('40000140', 'Osteossintese 0140', 61858, 'route-a'),
  ('40000141', 'Infiltracao 0141', 31367, 'route-d'),
  ('40000142', 'Colonoscopia 0142', 84363, 'route-e'),
  ('40000143', 'Artroscopia 0143', 5006, 'route-a'),
  ('40000144', 'Reducao de fratura 0144', 5003, 'route-c'),
  ('40000145', 'Tenotomia 0145', 113163, 'route-a'),
  ('40000146', 'Exerese de lesao 0146', 124834, 'route-a'),
  ('40000147', 'Mamografia 0147', 99704, 'route-d'),
  ('40000148', 'Colonoscopia 0148', 128458, 'route-c'),
  ('40000149', 'Colonoscopia 0149', 64659, 'route-a'),
  ('40000150', 'Sutura de tendao 0150', 107673, 'route-b'),
  ('40000151', 'Reducao de fratura 0151', 141843, 'route-c'),
  ('40000152', 'Biopsia 0152', 101697, 'route-e'),
  ('40000153', 'Densitometria 0153', 54890, 'route-c'),
  ('40000154', 'Reducao de fratura 0154', 38815, 'route-b'),
  ('40000155', 'Infiltracao 0155', 78397, 'route-a'),
  ('40000156', 'Densitometria 0156', 92598, 'route-b'),
  ('40000157', 'Infiltracao 0157', 37494, 'route-b'),
  ('40000158', 'Endoscopia 0158', 61521, 'route-b'),
  ('40000159', 'Reducao de fratura 0159', 95931, 'route-c'),
  ('40000160', 'Drenagem 0160', 69717, 'route-c'),
  ('40000161', 'Enxerto 0161', 100654, 'route-e'),
  ('40000162', 'Colonoscopia 0162', 128944, 'route-d'),
  ('40000163', 'Cauterizacao 0163', 90366, 'route-d'),
  ('40000164', 'Exerese de lesao 0164', 30100, 'route-d'),
  ('40000165', 'Drenagem 0165', 52301, 'route-a'),
  ('40000166', 'Ultrassonografia 0166', 45704, 'route-c'),
  ('40000167', 'Densitometria 0167', 24870, 'route-b'),
  ('40000168', 'Ressonancia 0168', 95034, 'route-b'),
  ('40000169', 'Ultrassonografia 0169', 72881, 'route-a'),
  ('40000170', 'Radiografia 0170', 55188, 'route-e'),
  ('40000171', 'Infiltracao 0171', 72517, 'route-d'),
  ('40000172', 'Ultrassonografia 0172', 114194, 'route-c'),
  ('40000173', 'Drenagem 0173', 28590, 'route-c'),
  ('40000174', 'Radiografia 0174', 10085, 'route-a'),
  ('40000175', 'Endoscopia 0175', 80859, 'route-e'),
  ('40000176', 'Endoscopia 0176', 102952, 'route-e'),
  ('40000177', 'Enxerto 0177', 17722, 'route-e'),
  ('40000178', 'Drenagem 0178', 107053, 'route-c'),
  ('40000179', 'Biopsia 0179', 58933, 'route-d'),
  ('40000180', 'Enxerto 0180', 132823, 'route-c'),
  ('40000181', 'Cauterizacao 0181', 79972, 'route-c'),
  ('40000182', 'Exerese de lesao 0182', 149622, 'route-c'),
  ('40000183', 'Artrodese 0183', 27404, 'route-a'),
  ('40000184', 'Biopsia 0184', 116152, 'route-c'),
  ('40000185', 'Drenagem 0185', 149672, 'route-c'),
  ('40000186', 'Biopsia 0186', 113729, 'route-c'),
  ('40000187', 'Ressonancia 0187', 21384, 'route-b'),
  ('40000188', 'Sutura de tendao 0188', 142504, 'route-d'),
  ('40000189', 'Colonoscopia 0189', 14461, 'route-e'),
  ('40000190', 'Radiografia 0190', 127221, 'route-e'),
  ('40000191', 'Cauterizacao 0191', 65502, 'route-b'),
  ('40000192', 'Tenotomia 0192', 60548, 'route-c'),
  ('40000193', 'Artrodese 0193', 144676, 'route-b'),
  ('40000194', 'Sutura de tendao 0194', 32568, 'route-d'),
  ('40000195', 'Infiltracao 0195', 128688, 'route-b');

INSERT INTO guides (id, patient_name) VALUES
  (1, 'Joao da Silva'),
  (2, 'Beatriz Lima'),
  (3, 'Lucia Santos'),
  (4, 'Lucia Oliveira'),
  (5, 'Juliana Gomes'),
  (6, 'Pedro Pereira'),
  (7, 'Marcos Lima'),
  (8, 'Carlos Almeida'),
  (9, 'Maria Gomes'),
  (10, 'Ana Oliveira'),
  (11, 'Lucia Pereira'),
  (12, 'Lucia Gomes'),
  (13, 'Marcos Almeida'),
  (14, 'Pedro Souza'),
  (15, 'Joao Almeida'),
  (16, 'Joao Ribeiro'),
  (17, 'Maria Silva'),
  (18, 'Carlos Pereira'),
  (19, 'Carlos Oliveira'),
  (20, 'Maria Oliveira'),
  (21, 'Pedro Gomes'),
  (22, 'Joao Santos'),
  (23, 'Joao Souza'),
  (24, 'Pedro Santos'),
  (25, 'Beatriz Oliveira'),
  (26, 'Ana Gomes'),
  (27, 'Ana Pereira'),
  (28, 'Juliana Lima'),
  (29, 'Maria Souza'),
  (30, 'Maria Silva'),
  (31, 'Marcos Oliveira'),
  (32, 'Pedro Almeida'),
  (33, 'Carlos Silva'),
  (34, 'Marcos Gomes'),
  (35, 'Juliana Oliveira'),
  (36, 'Rafael Ribeiro'),
  (37, 'Pedro Almeida'),
  (38, 'Carlos Silva'),
  (39, 'Maria Souza'),
  (40, 'Maria Almeida'),
  (41, 'Ana Santos'),
  (42, 'Beatriz Pereira'),
  (43, 'Rafael Gomes'),
  (44, 'Carlos Oliveira'),
  (45, 'Carlos Lima'),
  (46, 'Ana Lima'),
  (47, 'Pedro Gomes'),
  (48, 'Pedro Gomes'),
  (49, 'Maria Ribeiro'),
  (50, 'Rafael Santos'),
  (51, 'Beatriz Almeida'),
  (52, 'Joao Ribeiro'),
  (53, 'Pedro Silva'),
  (54, 'Pedro Ribeiro'),
  (55, 'Maria Santos'),
  (56, 'Carlos Silva'),
  (57, 'Maria Gomes'),
  (58, 'Marcos Ribeiro'),
  (59, 'Joao Souza'),
  (60, 'Marcos Almeida'),
  (61, 'Beatriz Silva'),
  (62, 'Marcos Almeida'),
  (63, 'Ana Ribeiro'),
  (64, 'Marcos Costa'),
  (65, 'Ana Oliveira'),
  (66, 'Marcos Silva'),
  (67, 'Lucia Santos'),
  (68, 'Maria Santos'),
  (69, 'Rafael Ribeiro'),
  (70, 'Maria Pereira'),
  (71, 'Carlos Souza'),
  (72, 'Juliana Santos'),
  (73, 'Marcos Gomes'),
  (74, 'Lucia Almeida'),
  (75, 'Maria Oliveira'),
  (76, 'Juliana Oliveira'),
  (77, 'Maria Souza'),
  (78, 'Pedro Souza'),
  (79, 'Marcos Oliveira'),
  (80, 'Carlos Gomes'),
  (81, 'Rafael Lima'),
  (82, 'Joao Almeida'),
  (83, 'Beatriz Lima'),
  (84, 'Marcos Souza'),
  (85, 'Ana Oliveira'),
  (86, 'Lucia Gomes'),
  (87, 'Carlos Oliveira'),
  (88, 'Ana Pereira'),
  (89, 'Maria Silva'),
  (90, 'Ana Ribeiro'),
  (91, 'Juliana Oliveira'),
  (92, 'Lucia Souza'),
  (93, 'Rafael Pereira'),
  (94, 'Lucia Ribeiro'),
  (95, 'Joao Pereira'),
  (96, 'Ana Almeida'),
  (97, 'Maria Costa'),
  (98, 'Joao Silva'),
  (99, 'Joao Santos'),
  (100, 'Beatriz Silva'),
  (101, 'Marcos Gomes'),
  (102, 'Joao Costa'),
  (103, 'Pedro Costa'),
  (104, 'Maria Pereira'),
  (105, 'Pedro Silva'),
  (106, 'Maria Santos'),
  (107, 'Pedro Lima'),
  (108, 'Marcos Ribeiro'),
  (109, 'Lucia Gomes'),
  (110, 'Juliana Costa'),
  (111, 'Beatriz Souza'),
  (112, 'Pedro Gomes'),
  (113, 'Maria Oliveira'),
  (114, 'Maria Ribeiro'),
  (115, 'Maria Santos'),
  (116, 'Pedro Silva'),
  (117, 'Pedro Almeida'),
  (118, 'Ana Oliveira'),
  (119, 'Ana Lima'),
  (120, 'Pedro Costa'),
  (121, 'Marcos Souza'),
  (122, 'Rafael Souza'),
  (123, 'Beatriz Ribeiro'),
  (124, 'Juliana Almeida'),
  (125, 'Beatriz Gomes'),
  (126, 'Maria Ribeiro'),
  (127, 'Joao Gomes'),
  (128, 'Beatriz Gomes'),
  (129, 'Ana Souza'),
  (130, 'Ana Almeida'),
  (131, 'Lucia Santos'),
  (132, 'Pedro Oliveira'),
  (133, 'Marcos Santos'),
  (134, 'Ana Oliveira'),
  (135, 'Pedro Ribeiro'),
  (136, 'Rafael Costa'),
  (137, 'Beatriz Almeida'),
  (138, 'Lucia Costa'),
  (139, 'Carlos Costa'),
  (140, 'Marcos Gomes'),
  (141, 'Rafael Ribeiro'),
  (142, 'Carlos Gomes'),
  (143, 'Ana Almeida'),
  (144, 'Maria Silva'),
  (145, 'Maria Lima'),
  (146, 'Juliana Souza'),
  (147, 'Pedro Costa'),
  (148, 'Carlos Santos'),
  (149, 'Marcos Costa'),
  (150, 'Juliana Ribeiro'),
  (151, 'Lucia Santos'),
  (152, 'Beatriz Gomes'),
  (153, 'Carlos Santos'),
  (154, 'Juliana Oliveira'),
  (155, 'Ana Santos'),
  (156, 'Maria Silva'),
  (157, 'Marcos Pereira'),
  (158, 'Carlos Costa'),
  (159, 'Lucia Pereira'),
  (160, 'Rafael Oliveira'),
  (161, 'Juliana Pereira'),
  (162, 'Marcos Costa'),
  (163, 'Lucia Almeida'),
  (164, 'Rafael Silva'),
  (165, 'Pedro Gomes'),
  (166, 'Joao Santos'),
  (167, 'Marcos Lima'),
  (168, 'Ana Pereira'),
  (169, 'Carlos Silva'),
  (170, 'Ana Almeida'),
  (171, 'Rafael Lima'),
  (172, 'Juliana Costa'),
  (173, 'Juliana Pereira'),
  (174, 'Juliana Santos'),
  (175, 'Juliana Costa'),
  (176, 'Juliana Costa'),
  (177, 'Beatriz Lima'),
  (178, 'Maria Silva'),
  (179, 'Beatriz Souza'),
  (180, 'Marcos Gomes'),
  (181, 'Marcos Lima'),
  (182, 'Pedro Oliveira'),
  (183, 'Beatriz Santos'),
  (184, 'Carlos Costa'),
  (185, 'Juliana Oliveira'),
  (186, 'Joao Costa'),
  (187, 'Joao Oliveira'),
  (188, 'Pedro Lima'),
  (189, 'Juliana Almeida'),
  (190, 'Ana Almeida'),
  (191, 'Lucia Silva'),
  (192, 'Ana Costa'),
  (193, 'Ana Lima'),
  (194, 'Carlos Lima'),
  (195, 'Rafael Lima'),
  (196, 'Marcos Almeida'),
  (197, 'Pedro Oliveira'),
  (198, 'Rafael Ribeiro'),
  (199, 'Carlos Oliveira'),
  (200, 'Carlos Pereira'),
  (201, 'Juliana Gomes'),
  (202, 'Carlos Souza'),
  (203, 'Beatriz Almeida'),
  (204, 'Ana Souza'),
  (205, 'Maria Costa'),
  (206, 'Ana Santos'),
  (207, 'Marcos Silva'),
  (208, 'Ana Santos'),
  (209, 'Ana Pereira'),
  (210, 'Pedro Silva'),
  (211, 'Ana Oliveira'),
  (212, 'Maria Santos'),
  (213, 'Joao Lima'),
  (214, 'Pedro Silva'),
  (215, 'Maria Ribeiro'),
  (216, 'Maria Lima'),
  (217, 'Juliana Costa'),
  (218, 'Rafael Lima'),
  (219, 'Marcos Silva'),
  (220, 'Joao Lima'),
  (221, 'Marcos Pereira'),
  (222, 'Lucia Ribeiro'),
  (223, 'Beatriz Oliveira'),
  (224, 'Rafael Ribeiro'),
  (225, 'Pedro Santos'),
  (226, 'Carlos Gomes'),
  (227, 'Marcos Lima'),
  (228, 'Juliana Silva'),
  (229, 'Maria Silva'),
  (230, 'Marcos Gomes'),
  (231, 'Beatriz Ribeiro'),
  (232, 'Joao Silva'),
  (233, 'Ana Lima'),
  (234, 'Ana Oliveira'),
  (235, 'Pedro Souza'),
  (236, 'Rafael Costa'),
  (237, 'Lucia Ribeiro'),
  (238, 'Maria Santos'),
  (239, 'Maria Pereira'),
  (240, 'Juliana Silva'),
  (241, 'Juliana Almeida'),
  (242, 'Maria Lima'),
  (243, 'Ana Pereira'),
  (244, 'Ana Santos'),
  (245, 'Maria Lima'),
  (246, 'Pedro Lima'),
  (247, 'Rafael Silva'),
  (248, 'Beatriz Costa'),
  (249, 'Beatriz Oliveira'),
  (250, 'Joao Almeida'),
  (251, 'Carlos Pereira'),
  (252, 'Ana Gomes'),
  (253, 'Pedro Gomes'),
  (254, 'Ana Souza'),
  (255, 'Pedro Almeida'),
  (256, 'Pedro Ribeiro'),
  (257, 'Carlos Pereira'),
  (258, 'Rafael Lima'),
  (259, 'Joao Lima'),
  (260, 'Joao Almeida'),
  (261, 'Carlos Silva'),
  (262, 'Joao Gomes'),
  (263, 'Joao Lima'),
  (264, 'Ana Oliveira'),
  (265, 'Marcos Almeida'),
  (266, 'Marcos Silva'),
  (267, 'Ana Costa'),
  (268, 'Ana Oliveira'),
  (269, 'Marcos Souza'),
  (270, 'Juliana Santos'),
  (271, 'Marcos Silva'),
  (272, 'Maria Almeida'),
  (273, 'Marcos Costa'),
  (274, 'Lucia Santos'),
  (275, 'Juliana Oliveira'),
  (276, 'Lucia Santos'),
  (277, 'Rafael Ribeiro'),
  (278, 'Joao Lima'),
  (279, 'Rafael Gomes'),
  (280, 'Joao Ribeiro'),
  (281, 'Joao Costa'),
  (282, 'Lucia Ribeiro'),
  (283, 'Ana Costa'),
  (284, 'Rafael Souza'),
  (285, 'Pedro Pereira'),
  (286, 'Juliana Souza'),
  (287, 'Pedro Gomes'),
  (288, 'Pedro Gomes'),
  (289, 'Beatriz Costa'),
  (290, 'Beatriz Oliveira'),
  (291, 'Carlos Souza'),
  (292, 'Pedro Souza'),
  (293, 'Marcos Gomes'),
  (294, 'Carlos Santos'),
  (295, 'Maria Lima'),
  (296, 'Juliana Costa'),
  (297, 'Ana Lima'),
  (298, 'Joao Ribeiro'),
  (299, 'Rafael Oliveira'),
  (300, 'Carlos Gomes'),
  (301, 'Pedro Almeida'),
  (302, 'Juliana Almeida'),
  (303, 'Marcos Gomes'),
  (304, 'Marcos Oliveira'),
  (305, 'Lucia Silva'),
  (306, 'Marcos Lima'),
  (307, 'Pedro Oliveira'),
  (308, 'Juliana Pereira'),
  (309, 'Marcos Oliveira'),
  (310, 'Carlos Lima'),
  (311, 'Joao Costa'),
  (312, 'Pedro Souza'),
  (313, 'Maria Oliveira'),
  (314, 'Beatriz Santos'),
  (315, 'Joao Oliveira'),
  (316, 'Pedro Lima'),
  (317, 'Ana Lima'),
  (318, 'Juliana Souza'),
  (319, 'Marcos Almeida'),
  (320, 'Maria Gomes'),
  (321, 'Beatriz Gomes'),
  (322, 'Rafael Lima'),
  (323, 'Ana Gomes'),
  (324, 'Ana Almeida'),
  (325, 'Pedro Lima'),
  (326, 'Beatriz Silva'),
  (327, 'Beatriz Santos'),
  (328, 'Lucia Almeida'),
  (329, 'Ana Almeida'),
  (330, 'Ana Costa'),
  (331, 'Maria Santos'),
  (332, 'Joao Oliveira'),
  (333, 'Maria Gomes'),
  (334, 'Rafael Santos'),
  (335, 'Lucia Lima'),
  (336, 'Lucia Gomes'),
  (337, 'Maria Gomes'),
  (338, 'Beatriz Pereira'),
  (339, 'Joao Souza'),
  (340, 'Ana Oliveira'),
  (341, 'Juliana Pereira'),
  (342, 'Joao Gomes'),
  (343, 'Lucia Almeida'),
  (344, 'Carlos Oliveira'),
  (345, 'Carlos Pereira'),
  (346, 'Maria Ribeiro'),
  (347, 'Lucia Gomes'),
  (348, 'Carlos Costa'),
  (349, 'Lucia Pereira'),
  (350, 'Juliana Costa'),
  (351, 'Marcos Silva'),
  (352, 'Joao Silva'),
  (353, 'Ana Costa'),
  (354, 'Lucia Ribeiro'),
  (355, 'Beatriz Santos'),
  (356, 'Marcos Costa'),
  (357, 'Marcos Pereira'),
  (358, 'Rafael Oliveira'),
  (359, 'Lucia Souza'),
  (360, 'Joao Souza'),
  (361, 'Joao Lima'),
  (362, 'Lucia Gomes'),
  (363, 'Maria Oliveira'),
  (364, 'Marcos Lima'),
  (365, 'Carlos Silva'),
  (366, 'Joao Oliveira'),
  (367, 'Lucia Souza'),
  (368, 'Ana Souza'),
  (369, 'Lucia Gomes'),
  (370, 'Maria Costa'),
  (371, 'Maria Costa'),
  (372, 'Carlos Silva'),
  (373, 'Ana Silva'),
  (374, 'Pedro Souza'),
  (375, 'Juliana Lima'),
  (376, 'Rafael Oliveira'),
  (377, 'Maria Lima'),
  (378, 'Ana Silva'),
  (379, 'Joao Pereira'),
  (380, 'Carlos Souza'),
  (381, 'Lucia Almeida'),
  (382, 'Lucia Almeida'),
  (383, 'Ana Almeida'),
  (384, 'Carlos Almeida'),
  (385, 'Carlos Lima'),
  (386, 'Lucia Pereira'),
  (387, 'Ana Ribeiro'),
  (388, 'Juliana Oliveira'),
  (389, 'Maria Oliveira'),
  (390, 'Juliana Almeida'),
  (391, 'Pedro Santos'),
  (392, 'Beatriz Lima'),
  (393, 'Juliana Gomes'),
  (394, 'Lucia Lima'),
  (395, 'Beatriz Costa'),
  (396, 'Ana Lima'),
  (397, 'Joao Oliveira'),
  (398, 'Ana Pereira'),
  (399, 'Maria Souza'),
  (400, 'Marcos Silva'),
  (401, 'Lucia Costa'),
  (402, 'Maria Gomes'),
  (403, 'Juliana Ribeiro'),
  (404, 'Marcos Costa'),
  (405, 'Rafael Silva'),
  (406, 'Pedro Oliveira'),
  (407, 'Joao Costa'),
  (408, 'Ana Gomes'),
  (409, 'Carlos Costa'),
  (410, 'Joao Silva'),
  (411, 'Marcos Gomes'),
  (412, 'Maria Oliveira'),
  (413, 'Juliana Santos'),
  (414, 'Joao Silva'),
  (415, 'Juliana Almeida'),
  (416, 'Lucia Lima'),
  (417, 'Maria Pereira'),
  (418, 'Carlos Almeida'),
  (419, 'Maria Silva'),
  (420, 'Joao Lima'),
  (421, 'Carlos Oliveira'),
  (422, 'Ana Ribeiro'),
  (423, 'Marcos Gomes'),
  (424, 'Juliana Silva'),
  (425, 'Beatriz Oliveira'),
  (426, 'Pedro Ribeiro'),
  (427, 'Marcos Silva'),
  (428, 'Juliana Pereira'),
  (429, 'Pedro Silva'),
  (430, 'Pedro Silva'),
  (431, 'Carlos Oliveira'),
  (432, 'Lucia Ribeiro'),
  (433, 'Juliana Gomes'),
  (434, 'Marcos Souza'),
  (435, 'Maria Souza'),
  (436, 'Rafael Oliveira'),
  (437, 'Marcos Costa'),
  (438, 'Rafael Costa'),
  (439, 'Ana Santos'),
  (440, 'Carlos Costa'),
  (441, 'Lucia Pereira'),
  (442, 'Joao Lima'),
  (443, 'Juliana Souza'),
  (444, 'Ana Silva'),
  (445, 'Joao Lima'),
  (446, 'Lucia Pereira'),
  (447, 'Ana Ribeiro'),
  (448, 'Rafael Silva'),
  (449, 'Rafael Santos'),
  (450, 'Carlos Souza'),
  (451, 'Ana Silva'),
  (452, 'Joao Costa'),
  (453, 'Beatriz Pereira'),
  (454, 'Marcos Silva'),
  (455, 'Beatriz Santos'),
  (456, 'Marcos Almeida'),
  (457, 'Joao Santos'),
  (458, 'Lucia Costa'),
  (459, 'Maria Costa'),
  (460, 'Juliana Gomes'),
  (461, 'Carlos Costa'),
  (462, 'Joao Costa'),
  (463, 'Joao Oliveira'),
  (464, 'Rafael Gomes'),
  (465, 'Juliana Pereira'),
  (466, 'Joao Silva'),
  (467, 'Lucia Santos'),
  (468, 'Rafael Santos'),
  (469, 'Beatriz Santos'),
  (470, 'Lucia Santos'),
  (471, 'Joao Costa'),
  (472, 'Rafael Santos'),
  (473, 'Maria Gomes'),
  (474, 'Ana Oliveira'),
  (475, 'Carlos Oliveira'),
  (476, 'Marcos Almeida'),
  (477, 'Ana Gomes'),
  (478, 'Carlos Santos'),
  (479, 'Juliana Santos'),
  (480, 'Joao Oliveira'),
  (481, 'Rafael Santos'),
  (482, 'Pedro Silva'),
  (483, 'Joao Costa'),
  (484, 'Beatriz Silva'),
  (485, 'Pedro Gomes'),
  (486, 'Marcos Costa'),
  (487, 'Marcos Pereira'),
  (488, 'Lucia Almeida'),
  (489, 'Ana Costa'),
  (490, 'Beatriz Santos'),
  (491, 'Juliana Almeida'),
  (492, 'Carlos Oliveira'),
  (493, 'Rafael Pereira'),
  (494, 'Joao Ribeiro'),
  (495, 'Pedro Almeida'),
  (496, 'Beatriz Lima'),
  (497, 'Beatriz Almeida'),
  (498, 'Rafael Almeida'),
  (499, 'Juliana Almeida'),
  (500, 'Carlos Oliveira');

INSERT INTO guide_items (id, guide_id, position, tuss_code, qty, base_value_override_cents) VALUES
  (1, 1, 1, '30602246', 1, NULL),
  (2, 1, 2, '30602050', 1, NULL),
  (3, 1, 3, '30715016', 1, NULL),
  (4, 1, 4, '40808152', 2, NULL),
  (5, 2, 1, '40000038', 3, NULL),
  (6, 2, 2, '40000182', 1, NULL),
  (7, 2, 3, '30715016', 1, NULL),
  (8, 2, 4, '40000122', 3, NULL),
  (9, 2, 5, '40000154', 3, NULL),
  (10, 3, 1, '40000050', 1, NULL),
  (11, 4, 1, '40000158', 3, NULL),
  (12, 5, 1, '40000025', 1, NULL),
  (13, 5, 2, '40000009', 1, NULL),
  (14, 5, 3, '40000116', 1, NULL),
  (15, 5, 4, '40000008', 1, NULL),
  (16, 5, 5, '40000120', 1, NULL),
  (17, 6, 1, '40000183', 2, NULL),
  (18, 7, 1, '40000077', 1, NULL),
  (19, 7, 2, '40000140', 3, NULL),
  (20, 7, 3, '40000125', 1, NULL),
  (21, 8, 1, '40000087', 1, NULL),
  (22, 9, 1, '40000082', 1, NULL),
  (23, 9, 2, '40000015', 1, NULL),
  (24, 9, 3, '40000050', 1, NULL),
  (25, 9, 4, '40000064', 1, NULL),
  (26, 9, 5, '40000187', 3, NULL),
  (27, 9, 6, '40000087', 1, NULL),
  (28, 10, 1, '40000001', 1, NULL),
  (29, 10, 2, '40000047', 3, 111400),
  (30, 11, 1, '40000124', 1, NULL),
  (31, 11, 2, '40000152', 1, NULL),
  (32, 11, 3, '40000129', 1, NULL),
  (33, 12, 1, '40000078', 1, NULL),
  (34, 12, 2, '40000131', 1, NULL),
  (35, 13, 1, '40000193', 1, NULL),
  (36, 13, 2, '40000114', 1, NULL),
  (37, 13, 3, '40000167', 1, 92900),
  (38, 13, 4, '40808152', 3, NULL),
  (39, 14, 1, '40000189', 1, NULL),
  (40, 14, 2, '40000167', 1, NULL),
  (41, 14, 3, '40000160', 1, NULL),
  (42, 15, 1, '40000174', 1, NULL),
  (43, 15, 2, '40000119', 1, NULL),
  (44, 15, 3, '40000174', 1, NULL),
  (45, 15, 4, '40000121', 1, NULL),
  (46, 15, 5, '40000077', 1, NULL),
  (47, 16, 1, '40000163', 1, NULL),
  (48, 16, 2, '40000163', 1, NULL),
  (49, 16, 3, '40000169', 1, NULL),
  (50, 16, 4, '40000102', 2, NULL),
  (51, 16, 5, '40000188', 1, NULL),
  (52, 17, 1, '40000053', 1, NULL),
  (53, 17, 2, '40000128', 1, NULL),
  (54, 17, 3, '40000037', 1, NULL),
  (55, 17, 4, '40000193', 1, NULL),
  (56, 17, 5, '40000146', 3, NULL),
  (57, 17, 6, '40000114', 1, NULL),
  (58, 18, 1, '40000039', 1, NULL),
  (59, 18, 2, '40000119', 2, NULL),
  (60, 18, 3, '40000170', 3, NULL),
  (61, 18, 4, '40000051', 2, 119900),
  (62, 19, 1, '40000108', 1, NULL),
  (63, 19, 2, '40000191', 2, NULL),
  (64, 19, 3, '40000153', 1, 44400),
  (65, 19, 4, '40000043', 1, NULL),
  (66, 20, 1, '40000142', 1, NULL),
  (67, 20, 2, '40000094', 1, NULL),
  (68, 20, 3, '40000136', 1, NULL),
  (69, 20, 4, '40000035', 3, NULL),
  (70, 21, 1, '40000140', 1, NULL),
  (71, 21, 2, '40000155', 2, NULL),
  (72, 21, 3, '40000122', 1, NULL),
  (73, 21, 4, '40000145', 1, NULL),
  (74, 21, 5, '40000156', 1, NULL),
  (75, 21, 6, '40000176', 1, NULL),
  (76, 22, 1, '40000143', 1, NULL),
  (77, 22, 2, '40000040', 1, NULL),
  (78, 23, 1, '40000184', 1, NULL),
  (79, 23, 2, '40000062', 1, NULL),
  (80, 24, 1, '40000112', 1, NULL),
  (81, 24, 2, '40000156', 1, NULL),
  (82, 25, 1, '40000078', 1, NULL),
  (83, 25, 2, '40000027', 1, NULL),
  (84, 26, 1, '40000139', 2, NULL),
  (85, 26, 2, '40000173', 1, NULL),
  (86, 26, 3, '40000008', 3, NULL),
  (87, 26, 4, '40000022', 1, NULL),
  (88, 26, 5, '40000036', 2, NULL),
  (89, 26, 6, '40000044', 1, NULL),
  (90, 27, 1, '40000097', 1, NULL),
  (91, 27, 2, '40000133', 1, NULL),
  (92, 28, 1, '40000174', 1, NULL),
  (93, 29, 1, '40000191', 1, NULL),
  (94, 29, 2, '40000039', 1, NULL),
  (95, 29, 3, '40000063', 1, NULL),
  (96, 29, 4, '40000010', 1, NULL),
  (97, 30, 1, '40000041', 1, NULL),
  (98, 30, 2, '40000171', 1, NULL),
  (99, 31, 1, '40000035', 1, NULL),
  (100, 31, 2, '40000099', 1, NULL),
  (101, 31, 3, '40000127', 1, NULL),
  (102, 31, 4, '40000094', 1, NULL),
  (103, 31, 5, '40000088', 2, NULL),
  (104, 31, 6, '40000043', 1, NULL),
  (105, 32, 1, '40000082', 1, NULL),
  (106, 33, 1, '40000021', 3, NULL),
  (107, 33, 2, '40000108', 1, NULL),
  (108, 33, 3, '40000110', 1, NULL),
  (109, 33, 4, '40000120', 1, NULL),
  (110, 34, 1, '40000149', 1, NULL),
  (111, 34, 2, '40000033', 2, NULL),
  (112, 34, 3, '40000138', 1, NULL),
  (113, 34, 4, '40000054', 1, NULL),
  (114, 34, 5, '40000058', 1, NULL),
  (115, 34, 6, '40000171', 1, 81500),
  (116, 35, 1, '40000006', 1, NULL),
  (117, 36, 1, '40000007', 1, NULL),
  (118, 36, 2, '40000117', 1, NULL),
  (119, 36, 3, '40000155', 1, NULL),
  (120, 36, 4, '40000059', 2, NULL),
  (121, 37, 1, '40000116', 1, NULL),
  (122, 37, 2, '40000143', 1, NULL),
  (123, 37, 3, '40000006', 3, 11400),
  (124, 37, 4, '40000011', 1, NULL),
  (125, 38, 1, '40000188', 1, NULL),
  (126, 38, 2, '40000071', 3, NULL),
  (127, 38, 3, '40000012', 2, 32600),
  (128, 38, 4, '40000141', 1, NULL),
  (129, 38, 5, '40000038', 1, NULL),
  (130, 39, 1, '40000185', 1, 19700),
  (131, 39, 2, '40000189', 1, NULL),
  (132, 39, 3, '40000088', 1, NULL),
  (133, 40, 1, '40000031', 1, NULL),
  (134, 40, 2, '40000117', 1, NULL),
  (135, 40, 3, '40000135', 1, NULL),
  (136, 40, 4, '40000128', 1, NULL),
  (137, 40, 5, '40000183', 3, NULL),
  (138, 41, 1, '40000098', 1, NULL),
  (139, 41, 2, '40000086', 2, 121100),
  (140, 41, 3, '40000098', 3, NULL),
  (141, 42, 1, '40000142', 1, NULL),
  (142, 42, 2, '40000155', 1, NULL),
  (143, 42, 3, '40000189', 1, NULL),
  (144, 42, 4, '40000033', 1, NULL),
  (145, 43, 1, '40000186', 1, NULL),
  (146, 43, 2, '40000140', 1, 27800),
  (147, 43, 3, '40000103', 3, NULL),
  (148, 43, 4, '40000102', 1, NULL),
  (149, 44, 1, '40000055', 3, NULL),
  (150, 44, 2, '40000090', 2, NULL),
  (151, 45, 1, '40000183', 1, NULL),
  (152, 45, 2, '40000105', 1, 48100),
  (153, 45, 3, '40000019', 1, NULL),
  (154, 45, 4, '40000148', 1, NULL),
  (155, 46, 1, '40000032', 1, NULL),
  (156, 46, 2, '40000005', 1, NULL),
  (157, 46, 3, '40000104', 1, 122600),
  (158, 46, 4, '40000186', 1, NULL),
  (159, 46, 5, '40000056', 1, NULL),
  (160, 47, 1, '40000069', 2, NULL),
  (161, 48, 1, '40000060', 1, NULL),
  (162, 48, 2, '40000174', 1, NULL),
  (163, 49, 1, '40000026', 1, NULL),
  (164, 49, 2, '40000010', 2, NULL),
  (165, 49, 3, '40000134', 1, NULL),
  (166, 49, 4, '40000029', 1, NULL),
  (167, 50, 1, '40000135', 1, NULL),
  (168, 50, 2, '40000022', 1, NULL),
  (169, 51, 1, '40000060', 1, NULL),
  (170, 52, 1, '40000150', 1, NULL),
  (171, 52, 2, '40000184', 2, NULL),
  (172, 52, 3, '40000018', 1, NULL),
  (173, 52, 4, '40000098', 3, NULL),
  (174, 53, 1, '40000078', 3, NULL),
  (175, 53, 2, '40000063', 3, NULL),
  (176, 53, 3, '40000002', 1, NULL),
  (177, 53, 4, '40000055', 1, NULL),
  (178, 53, 5, '40000096', 1, NULL),
  (179, 53, 6, '40000163', 1, NULL),
  (180, 54, 1, '40000096', 1, NULL),
  (181, 54, 2, '40000015', 1, NULL),
  (182, 54, 3, '40000001', 1, NULL),
  (183, 54, 4, '40000098', 1, NULL),
  (184, 54, 5, '40000128', 1, NULL),
  (185, 54, 6, '40000029', 2, NULL),
  (186, 55, 1, '40000019', 1, 21000),
  (187, 55, 2, '40000181', 3, NULL),
  (188, 55, 3, '40000046', 1, NULL),
  (189, 55, 4, '40000105', 1, NULL),
  (190, 55, 5, '40000133', 1, NULL),
  (191, 56, 1, '40000185', 2, NULL),
  (192, 56, 2, '40000157', 1, 85000),
  (193, 56, 3, '40000129', 1, NULL),
  (194, 56, 4, '40000009', 1, NULL),
  (195, 57, 1, '40000132', 1, NULL),
  (196, 57, 2, '40000079', 2, NULL),
  (197, 57, 3, '40000044', 1, NULL),
  (198, 57, 4, '40000128', 3, NULL),
  (199, 57, 5, '40000158', 1, NULL),
  (200, 57, 6, '40000170', 1, 33100),
  (201, 58, 1, '40000107', 1, NULL),
  (202, 58, 2, '40000009', 1, NULL),
  (203, 59, 1, '40000162', 2, NULL),
  (204, 59, 2, '40000084', 1, 92300),
  (205, 60, 1, '40000118', 1, NULL),
  (206, 61, 1, '40000069', 1, NULL),
  (207, 61, 2, '40000009', 1, NULL),
  (208, 61, 3, '40000140', 1, NULL),
  (209, 62, 1, '40000181', 1, NULL),
  (210, 62, 2, '40000172', 1, 62900),
  (211, 62, 3, '40000185', 1, NULL),
  (212, 62, 4, '40000086', 1, NULL),
  (213, 63, 1, '40000048', 1, NULL),
  (214, 63, 2, '40000033', 1, NULL),
  (215, 64, 1, '40000079', 1, NULL),
  (216, 64, 2, '40000059', 1, NULL),
  (217, 64, 3, '40000094', 1, NULL),
  (218, 64, 4, '40000004', 1, NULL),
  (219, 64, 5, '40000101', 1, NULL),
  (220, 64, 6, '40000126', 1, NULL),
  (221, 65, 1, '40000018', 1, NULL),
  (222, 65, 2, '40000005', 1, NULL),
  (223, 65, 3, '40000077', 1, NULL),
  (224, 65, 4, '40000075', 1, NULL),
  (225, 65, 5, '40000194', 1, NULL),
  (226, 65, 6, '40000004', 1, NULL),
  (227, 66, 1, '40000031', 2, NULL),
  (228, 66, 2, '40000189', 1, NULL),
  (229, 66, 3, '40000005', 3, NULL),
  (230, 66, 4, '40000171', 1, NULL),
  (231, 66, 5, '40000169', 1, NULL),
  (232, 66, 6, '40000032', 1, 85500),
  (233, 67, 1, '40000048', 1, NULL),
  (234, 67, 2, '40000144', 1, NULL),
  (235, 67, 3, '40000132', 1, NULL),
  (236, 67, 4, '40000107', 1, 35000),
  (237, 68, 1, '40000042', 3, NULL),
  (238, 68, 2, '40000129', 1, NULL),
  (239, 69, 1, '40000184', 1, NULL),
  (240, 70, 1, '40000094', 1, NULL),
  (241, 70, 2, '40000051', 1, NULL),
  (242, 71, 1, '40000034', 1, NULL),
  (243, 72, 1, '40000111', 3, NULL),
  (244, 72, 2, '40000022', 1, NULL),
  (245, 73, 1, '40000067', 1, NULL),
  (246, 73, 2, '40000160', 1, NULL),
  (247, 73, 3, '40000021', 1, NULL),
  (248, 74, 1, '40000041', 1, NULL),
  (249, 74, 2, '40000178', 1, NULL),
  (250, 75, 1, '40000056', 1, NULL),
  (251, 75, 2, '40000084', 1, NULL),
  (252, 75, 3, '40000122', 1, NULL),
  (253, 75, 4, '40000002', 1, NULL),
  (254, 75, 5, '40000134', 1, NULL),
  (255, 76, 1, '40000063', 1, NULL),
  (256, 76, 2, '40000012', 1, NULL),
  (257, 76, 3, '40000022', 1, NULL),
  (258, 76, 4, '40000036', 1, NULL),
  (259, 76, 5, '40000032', 1, NULL),
  (260, 76, 6, '40000092', 1, NULL),
  (261, 77, 1, '40000013', 1, NULL),
  (262, 77, 2, '40000000', 1, NULL),
  (263, 77, 3, '40000021', 1, NULL),
  (264, 78, 1, '40000150', 3, NULL),
  (265, 78, 2, '40000186', 1, NULL),
  (266, 79, 1, '30715016', 1, NULL),
  (267, 79, 2, '40000145', 1, 96000),
  (268, 79, 3, '40000024', 3, NULL),
  (269, 79, 4, '40000106', 3, NULL),
  (270, 80, 1, '40000147', 1, NULL),
  (271, 80, 2, '40000171', 1, NULL),
  (272, 80, 3, '40000132', 1, NULL),
  (273, 80, 4, '40000049', 1, NULL),
  (274, 80, 5, '40000192', 1, NULL),
  (275, 80, 6, '40000142', 2, 25900),
  (276, 81, 1, '40000072', 1, NULL),
  (277, 81, 2, '30715016', 1, NULL),
  (278, 81, 3, '40000157', 1, 96500),
  (279, 81, 4, '40000090', 1, NULL),
  (280, 81, 5, '40000158', 1, NULL),
  (281, 81, 6, '40000194', 1, NULL),
  (282, 82, 1, '40000180', 1, NULL),
  (283, 83, 1, '40000172', 1, NULL),
  (284, 83, 2, '40000151', 1, NULL),
  (285, 84, 1, '40000058', 3, NULL),
  (286, 84, 2, '30602246', 1, NULL),
  (287, 84, 3, '40000023', 1, NULL),
  (288, 85, 1, '40000071', 1, 53100),
  (289, 85, 2, '40000032', 1, 133200),
  (290, 85, 3, '40000107', 1, NULL),
  (291, 85, 4, '40000125', 1, NULL),
  (292, 85, 5, '40000134', 1, NULL),
  (293, 85, 6, '40000075', 2, NULL),
  (294, 86, 1, '40000105', 1, NULL),
  (295, 86, 2, '40000165', 2, NULL),
  (296, 86, 3, '40000103', 1, NULL),
  (297, 86, 4, '40000167', 1, NULL),
  (298, 86, 5, '40000083', 3, 97000),
  (299, 86, 6, '40000132', 1, NULL),
  (300, 87, 1, '40000007', 1, NULL),
  (301, 87, 2, '40000004', 1, NULL),
  (302, 88, 1, '40000017', 1, NULL),
  (303, 89, 1, '40000041', 3, 129800),
  (304, 90, 1, '40000000', 1, NULL),
  (305, 91, 1, '40000173', 1, 74800),
  (306, 91, 2, '40000023', 1, 45300),
  (307, 91, 3, '40000115', 1, NULL),
  (308, 91, 4, '40000192', 1, NULL),
  (309, 91, 5, '40000004', 1, 105300),
  (310, 91, 6, '40000154', 1, NULL),
  (311, 92, 1, '40000110', 2, NULL),
  (312, 92, 2, '40000035', 1, NULL),
  (313, 92, 3, '40000124', 1, NULL),
  (314, 92, 4, '40000025', 1, NULL),
  (315, 92, 5, '40000086', 1, NULL),
  (316, 93, 1, '40000035', 1, NULL),
  (317, 93, 2, '40000033', 1, NULL),
  (318, 93, 3, '40000118', 1, NULL),
  (319, 93, 4, '40000132', 3, NULL),
  (320, 94, 1, '40000108', 1, NULL),
  (321, 94, 2, '40000178', 1, NULL),
  (322, 94, 3, '40000174', 1, NULL),
  (323, 95, 1, '40000156', 1, NULL),
  (324, 95, 2, '40000161', 1, NULL),
  (325, 96, 1, '40000167', 1, NULL),
  (326, 96, 2, '40000129', 1, NULL),
  (327, 96, 3, '40000133', 1, 49000),
  (328, 96, 4, '40000134', 1, NULL),
  (329, 96, 5, '40000135', 1, 57200),
  (330, 96, 6, '40000193', 1, NULL),
  (331, 97, 1, '40000102', 1, NULL),
  (332, 97, 2, '40000002', 1, NULL),
  (333, 97, 3, '40000168', 1, NULL),
  (334, 97, 4, '40000130', 3, NULL),
  (335, 97, 5, '40000078', 3, NULL),
  (336, 97, 6, '40000092', 1, NULL),
  (337, 98, 1, '40000115', 1, 121400),
  (338, 98, 2, '40000142', 1, NULL),
  (339, 98, 3, '40000060', 1, NULL),
  (340, 98, 4, '40000032', 1, NULL),
  (341, 98, 5, '40000021', 1, NULL),
  (342, 99, 1, '40000076', 2, NULL),
  (343, 100, 1, '40000173', 1, 9400),
  (344, 100, 2, '40000054', 1, NULL),
  (345, 100, 3, '40000115', 1, NULL),
  (346, 100, 4, '40000139', 1, NULL),
  (347, 100, 5, '40000070', 1, NULL),
  (348, 100, 6, '40000193', 1, NULL),
  (349, 101, 1, '40000001', 1, NULL),
  (350, 102, 1, '40000188', 1, NULL),
  (351, 103, 1, '40000092', 1, NULL),
  (352, 103, 2, '40000076', 1, NULL),
  (353, 103, 3, '40000096', 1, NULL),
  (354, 103, 4, '40000016', 1, NULL),
  (355, 103, 5, '40000124', 1, NULL),
  (356, 103, 6, '40000024', 1, NULL),
  (357, 104, 1, '40000191', 1, NULL),
  (358, 105, 1, '40000103', 1, 15500),
  (359, 105, 2, '40000167', 1, NULL),
  (360, 105, 3, '40000081', 1, NULL),
  (361, 105, 4, '40000112', 3, NULL),
  (362, 105, 5, '40000021', 1, NULL),
  (363, 105, 6, '40000033', 1, NULL),
  (364, 106, 1, '40000057', 1, 124000),
  (365, 106, 2, '40000034', 1, NULL),
  (366, 107, 1, '40000160', 1, NULL),
  (367, 107, 2, '40000008', 1, NULL),
  (368, 107, 3, '40000137', 1, NULL),
  (369, 108, 1, '40000169', 1, NULL),
  (370, 108, 2, '40000137', 1, 50000),
  (371, 108, 3, '40000168', 1, NULL),
  (372, 109, 1, '40000089', 1, NULL),
  (373, 109, 2, '40000163', 1, NULL),
  (374, 109, 3, '40000013', 3, NULL),
  (375, 110, 1, '40000042', 1, NULL),
  (376, 111, 1, '40000091', 2, NULL),
  (377, 111, 2, '40000076', 1, 104200),
  (378, 111, 3, '40000067', 1, 78600),
  (379, 112, 1, '40000019', 1, NULL),
  (380, 112, 2, '40000083', 1, 57000),
  (381, 112, 3, '40000125', 3, NULL),
  (382, 112, 4, '40000071', 1, NULL),
  (383, 113, 1, '40000008', 1, NULL),
  (384, 113, 2, '40000136', 1, NULL),
  (385, 114, 1, '40000168', 1, NULL),
  (386, 114, 2, '40000023', 1, NULL),
  (387, 114, 3, '40000099', 2, NULL),
  (388, 114, 4, '40000162', 1, NULL),
  (389, 114, 5, '40000021', 1, NULL),
  (390, 115, 1, '40000054', 1, NULL),
  (391, 115, 2, '40000029', 1, NULL),
  (392, 116, 1, '40000174', 1, NULL),
  (393, 116, 2, '40000143', 3, NULL),
  (394, 116, 3, '40000073', 3, NULL),
  (395, 116, 4, '40000070', 1, NULL),
  (396, 116, 5, '40000106', 1, NULL),
  (397, 117, 1, '40000177', 1, NULL),
  (398, 117, 2, '40000045', 1, NULL),
  (399, 117, 3, '40000067', 1, 149500),
  (400, 117, 4, '40000048', 1, NULL),
  (401, 118, 1, '40000127', 1, NULL),
  (402, 118, 2, '40000118', 1, NULL),
  (403, 118, 3, '40000146', 3, NULL),
  (404, 118, 4, '40000047', 1, NULL),
  (405, 118, 5, '40000115', 2, NULL),
  (406, 119, 1, '40000089', 1, NULL),
  (407, 119, 2, '40000078', 1, NULL),
  (408, 119, 3, '40000052', 1, 17000),
  (409, 119, 4, '40000100', 1, NULL),
  (410, 119, 5, '40000132', 1, 75800),
  (411, 119, 6, '40000192', 2, NULL),
  (412, 120, 1, '40000163', 1, NULL),
  (413, 120, 2, '40000008', 2, NULL),
  (414, 120, 3, '40000171', 1, 76900),
  (415, 120, 4, '40000102', 1, NULL),
  (416, 120, 5, '40000034', 1, NULL),
  (417, 120, 6, '40000074', 1, 33100),
  (418, 121, 1, '40000171', 1, 15600),
  (419, 121, 2, '40000125', 1, NULL),
  (420, 121, 3, '40000017', 1, NULL),
  (421, 121, 4, '40000029', 1, 75200),
  (422, 121, 5, '40000041', 1, NULL),
  (423, 122, 1, '40000188', 1, NULL),
  (424, 122, 2, '40000025', 1, NULL),
  (425, 122, 3, '40000024', 3, NULL),
  (426, 123, 1, '40000061', 1, NULL),
  (427, 123, 2, '40000191', 1, NULL),
  (428, 124, 1, '40000054', 2, 19200),
  (429, 124, 2, '40000189', 2, NULL),
  (430, 125, 1, '40000018', 1, NULL),
  (431, 125, 2, '40000175', 1, NULL),
  (432, 125, 3, '40000125', 3, NULL),
  (433, 125, 4, '40000061', 1, NULL),
  (434, 126, 1, '40000190', 3, 8900),
  (435, 126, 2, '40000006', 1, NULL),
  (436, 127, 1, '40000118', 1, NULL),
  (437, 127, 2, '40000035', 2, NULL),
  (438, 127, 3, '40000160', 1, NULL),
  (439, 127, 4, '40000063', 1, NULL),
  (440, 127, 5, '40000099', 1, NULL),
  (441, 128, 1, '40000026', 1, NULL),
  (442, 129, 1, '40000023', 2, 98100),
  (443, 129, 2, '40000039', 1, NULL),
  (444, 129, 3, '40000139', 1, NULL),
  (445, 129, 4, '40000085', 1, NULL),
  (446, 129, 5, '40000070', 1, NULL),
  (447, 130, 1, '40000016', 1, NULL),
  (448, 130, 2, '40000141', 1, NULL),
  (449, 130, 3, '40000101', 1, NULL),
  (450, 130, 4, '40000062', 1, NULL),
  (451, 131, 1, '40000140', 1, NULL),
  (452, 131, 2, '40000119', 1, NULL),
  (453, 131, 3, '40000105', 2, NULL),
  (454, 131, 4, '40000005', 1, NULL),
  (455, 131, 5, '40000185', 1, NULL),
  (456, 131, 6, '40000147', 1, NULL),
  (457, 132, 1, '40000067', 1, NULL),
  (458, 132, 2, '40000191', 1, NULL),
  (459, 132, 3, '40000120', 1, NULL),
  (460, 132, 4, '40000095', 1, NULL),
  (461, 132, 5, '30602246', 3, NULL),
  (462, 133, 1, '40000146', 2, NULL),
  (463, 133, 2, '40000092', 1, 113300),
  (464, 134, 1, '40000113', 1, NULL),
  (465, 134, 2, '30715016', 1, NULL),
  (466, 134, 3, '40000010', 1, NULL),
  (467, 135, 1, '40000082', 1, NULL),
  (468, 135, 2, '40000178', 1, NULL),
  (469, 136, 1, '40000022', 2, NULL),
  (470, 136, 2, '40000145', 1, NULL),
  (471, 136, 3, '40000170', 3, 48900),
  (472, 136, 4, '40000069', 3, NULL),
  (473, 136, 5, '40000165', 1, NULL),
  (474, 136, 6, '40000065', 1, NULL),
  (475, 137, 1, '40000130', 1, NULL),
  (476, 137, 2, '40000156', 1, NULL),
  (477, 137, 3, '40000147', 1, NULL),
  (478, 137, 4, '40000155', 1, NULL),
  (479, 137, 5, '40000073', 1, NULL),
  (480, 138, 1, '40000141', 1, NULL),
  (481, 138, 2, '40000072', 2, NULL),
  (482, 138, 3, '40000019', 3, NULL),
  (483, 139, 1, '40000150', 1, NULL),
  (484, 140, 1, '40000168', 1, NULL),
  (485, 140, 2, '40000113', 1, NULL),
  (486, 140, 3, '40000089', 1, NULL),
  (487, 140, 4, '40000186', 2, NULL),
  (488, 141, 1, '40000121', 1, NULL),
  (489, 142, 1, '40000189', 3, NULL),
  (490, 142, 2, '40000094', 1, NULL),
  (491, 143, 1, '40000056', 1, 31600),
  (492, 143, 2, '40000121', 2, NULL),
  (493, 144, 1, '40000143', 1, NULL),
  (494, 145, 1, '40000186', 1, NULL),
  (495, 145, 2, '40000167', 1, NULL),
  (496, 145, 3, '40000171', 1, NULL),
  (497, 145, 4, '40000189', 1, NULL),
  (498, 145, 5, '40000136', 2, NULL),
  (499, 145, 6, '40000178', 1, 72000),
  (500, 146, 1, '40000192', 1, 115700),
  (501, 146, 2, '40000051', 1, NULL),
  (502, 146, 3, '40000131', 1, NULL),
  (503, 146, 4, '40000070', 3, NULL),
  (504, 146, 5, '40000112', 1, NULL),
  (505, 147, 1, '40000183', 1, NULL),
  (506, 147, 2, '40000156', 1, NULL),
  (507, 147, 3, '40000044', 1, NULL),
  (508, 147, 4, '40000092', 1, NULL),
  (509, 148, 1, '40000155', 1, NULL),
  (510, 148, 2, '40000149', 1, NULL),
  (511, 149, 1, '40000049', 1, NULL),
  (512, 150, 1, '40000086', 1, NULL),
  (513, 150, 2, '40000124', 1, NULL),
  (514, 150, 3, '40000077', 1, NULL),
  (515, 151, 1, '40000053', 1, NULL),
  (516, 151, 2, '40000056', 2, 135500),
  (517, 151, 3, '40000045', 1, NULL),
  (518, 152, 1, '40000060', 1, 119700),
  (519, 152, 2, '40000076', 1, 28200),
  (520, 153, 1, '40000182', 1, NULL),
  (521, 153, 2, '40000122', 1, NULL),
  (522, 153, 3, '40000029', 1, 12600),
  (523, 153, 4, '40000180', 1, NULL),
  (524, 154, 1, '40000168', 3, NULL),
  (525, 154, 2, '40000011', 1, NULL),
  (526, 154, 3, '40000104', 1, NULL),
  (527, 154, 4, '40000070', 1, NULL),
  (528, 154, 5, '40000048', 1, 137500),
  (529, 155, 1, '40000149', 1, NULL),
  (530, 155, 2, '40000045', 1, NULL),
  (531, 155, 3, '40000102', 1, NULL),
  (532, 156, 1, '40000016', 3, NULL),
  (533, 157, 1, '40000146', 3, NULL),
  (534, 157, 2, '40000020', 1, NULL),
  (535, 157, 3, '40000082', 1, 91500),
  (536, 157, 4, '40000045', 3, NULL),
  (537, 157, 5, '40000043', 1, NULL),
  (538, 157, 6, '40000011', 1, NULL),
  (539, 158, 1, '40000066', 1, NULL),
  (540, 158, 2, '40000051', 1, NULL),
  (541, 158, 3, '40000155', 1, NULL),
  (542, 158, 4, '40000121', 1, NULL),
  (543, 158, 5, '40000070', 1, NULL),
  (544, 159, 1, '40000139', 1, 109500),
  (545, 160, 1, '40000139', 2, NULL),
  (546, 161, 1, '40000052', 2, NULL),
  (547, 161, 2, '40000074', 1, NULL),
  (548, 161, 3, '40000137', 1, 142400),
  (549, 161, 4, '40000084', 3, NULL),
  (550, 161, 5, '40000001', 1, NULL),
  (551, 161, 6, '40000118', 1, NULL),
  (552, 162, 1, '40000001', 1, NULL),
  (553, 162, 2, '40000141', 3, NULL),
  (554, 162, 3, '40000029', 1, NULL),
  (555, 163, 1, '40000022', 1, NULL),
  (556, 163, 2, '40000144', 1, NULL),
  (557, 163, 3, '40000016', 1, NULL),
  (558, 164, 1, '40000160', 1, NULL),
  (559, 164, 2, '40000142', 1, NULL),
  (560, 164, 3, '40000010', 1, NULL),
  (561, 165, 1, '40000098', 1, NULL),
  (562, 165, 2, '40000113', 1, NULL),
  (563, 166, 1, '40000089', 2, NULL),
  (564, 166, 2, '40000014', 1, NULL),
  (565, 166, 3, '40000124', 1, NULL),
  (566, 166, 4, '40000067', 1, NULL),
  (567, 166, 5, '40000128', 1, NULL),
  (568, 166, 6, '40000065', 1, NULL),
  (569, 167, 1, '40000104', 1, NULL),
  (570, 167, 2, '40000188', 2, NULL),
  (571, 167, 3, '40000185', 1, NULL),
  (572, 167, 4, '40000091', 1, NULL),
  (573, 168, 1, '40000065', 1, NULL),
  (574, 168, 2, '40000117', 1, NULL),
  (575, 168, 3, '40000096', 1, NULL),
  (576, 168, 4, '40000000', 1, NULL),
  (577, 168, 5, '40000004', 1, NULL),
  (578, 169, 1, '40000131', 1, NULL),
  (579, 169, 2, '40000011', 1, 135800),
  (580, 169, 3, '40000093', 1, NULL),
  (581, 170, 1, '40000121', 1, NULL),
  (582, 170, 2, '40000115', 1, NULL),
  (583, 170, 3, '40000079', 1, 53800),
  (584, 170, 4, '40000139', 2, NULL),
  (585, 170, 5, '40000163', 2, 117300),
  (586, 170, 6, '40000172', 1, NULL),
  (587, 171, 1, '40000175', 1, NULL),
  (588, 171, 2, '40000108', 1, 120400),
  (589, 171, 3, '40000061', 1, NULL),
  (590, 171, 4, '40000186', 1, NULL),
  (591, 171, 5, '40000064', 1, NULL),
  (592, 171, 6, '40000096', 3, NULL),
  (593, 172, 1, '40000110', 1, NULL),
  (594, 173, 1, '40000027', 1, NULL),
  (595, 173, 2, '40000011', 1, NULL),
  (596, 174, 1, '40000130', 1, NULL),
  (597, 174, 2, '40000033', 1, NULL),
  (598, 174, 3, '40000055', 1, NULL),
  (599, 174, 4, '40000175', 1, NULL),
  (600, 174, 5, '40000004', 1, NULL),
  (601, 174, 6, '40000115', 1, NULL),
  (602, 175, 1, '40000116', 1, NULL),
  (603, 175, 2, '40000002', 1, NULL),
  (604, 175, 3, '40000044', 1, NULL),
  (605, 175, 4, '40000133', 1, NULL),
  (606, 175, 5, '40000096', 1, NULL),
  (607, 176, 1, '40000177', 1, NULL),
  (608, 177, 1, '40000188', 1, NULL),
  (609, 177, 2, '40000068', 1, NULL),
  (610, 177, 3, '40000089', 3, NULL),
  (611, 177, 4, '40000010', 2, NULL),
  (612, 177, 5, '40000038', 1, NULL),
  (613, 177, 6, '40000121', 1, NULL),
  (614, 178, 1, '40000179', 1, NULL),
  (615, 178, 2, '40000146', 1, 49400),
  (616, 178, 3, '40000085', 1, NULL),
  (617, 178, 4, '40000084', 1, NULL),
  (618, 179, 1, '40000053', 2, NULL),
  (619, 179, 2, '40000003', 1, NULL),
  (620, 180, 1, '40000170', 1, NULL),
  (621, 180, 2, '40000058', 1, NULL),
  (622, 180, 3, '40000112', 1, NULL),
  (623, 180, 4, '40000173', 1, NULL),
  (624, 180, 5, '40000106', 1, NULL),
  (625, 180, 6, '40000004', 3, NULL),
  (626, 181, 1, '30715016', 3, NULL),
  (627, 181, 2, '40000091', 1, NULL),
  (628, 181, 3, '40000063', 1, NULL),
  (629, 181, 4, '40000025', 1, NULL),
  (630, 181, 5, '40000172', 1, NULL),
  (631, 181, 6, '40000028', 2, NULL),
  (632, 182, 1, '40000067', 1, NULL),
  (633, 182, 2, '40000174', 1, NULL),
  (634, 182, 3, '40000098', 1, NULL),
  (635, 182, 4, '40000087', 1, NULL),
  (636, 183, 1, '40000100', 3, NULL),
  (637, 183, 2, '40000016', 1, NULL),
  (638, 183, 3, '40000179', 2, NULL),
  (639, 184, 1, '40000095', 1, NULL),
  (640, 184, 2, '40000069', 1, NULL),
  (641, 184, 3, '40000017', 1, NULL),
  (642, 184, 4, '40000112', 1, NULL),
  (643, 184, 5, '40000063', 1, NULL),
  (644, 185, 1, '40000028', 1, NULL),
  (645, 185, 2, '40000013', 1, 24200),
  (646, 185, 3, '40000158', 1, NULL),
  (647, 186, 1, '40000066', 1, NULL),
  (648, 186, 2, '40000050', 1, NULL),
  (649, 186, 3, '40000118', 1, NULL),
  (650, 187, 1, '40000137', 1, NULL),
  (651, 188, 1, '40000126', 1, NULL),
  (652, 188, 2, '40000073', 1, 89000),
  (653, 188, 3, '40000133', 1, 22400),
  (654, 188, 4, '40000150', 1, NULL),
  (655, 188, 5, '40000058', 2, NULL),
  (656, 188, 6, '40000059', 1, NULL),
  (657, 189, 1, '40000055', 1, NULL),
  (658, 189, 2, '40000158', 1, NULL),
  (659, 190, 1, '40000105', 1, NULL),
  (660, 190, 2, '40000132', 3, NULL),
  (661, 190, 3, '40000052', 3, NULL),
  (662, 190, 4, '40000175', 1, NULL),
  (663, 190, 5, '40000190', 1, NULL),
  (664, 191, 1, '40000007', 1, NULL),
  (665, 191, 2, '40000038', 1, NULL),
  (666, 191, 3, '40000034', 1, NULL),
  (667, 191, 4, '40000190', 1, 113600),
  (668, 191, 5, '40000173', 1, 24700),
  (669, 191, 6, '40000129', 1, NULL),
  (670, 192, 1, '40000190', 1, NULL),
  (671, 192, 2, '40000076', 2, NULL),
  (672, 193, 1, '40000091', 1, 59200),
  (673, 193, 2, '40000097', 1, NULL),
  (674, 193, 3, '40000177', 1, NULL),
  (675, 193, 4, '40000130', 1, NULL),
  (676, 194, 1, '40000181', 2, NULL),
  (677, 195, 1, '40000145', 1, NULL),
  (678, 195, 2, '40000034', 1, NULL),
  (679, 195, 3, '40000093', 1, NULL),
  (680, 195, 4, '40000091', 1, NULL),
  (681, 195, 5, '40000081', 1, 102000),
  (682, 195, 6, '40000173', 3, NULL),
  (683, 196, 1, '40000018', 1, NULL),
  (684, 196, 2, '40000144', 1, NULL),
  (685, 196, 3, '40000079', 1, NULL),
  (686, 196, 4, '40000059', 1, NULL),
  (687, 196, 5, '40000111', 1, NULL),
  (688, 197, 1, '40000073', 1, NULL),
  (689, 197, 2, '40000033', 1, NULL),
  (690, 197, 3, '40000099', 1, NULL),
  (691, 198, 1, '40000015', 1, NULL),
  (692, 199, 1, '40000079', 3, NULL),
  (693, 199, 2, '40000103', 3, NULL),
  (694, 199, 3, '40000126', 1, NULL),
  (695, 199, 4, '40000041', 1, NULL),
  (696, 200, 1, '40000111', 1, NULL),
  (697, 201, 1, '40000012', 1, NULL),
  (698, 201, 2, '40000046', 1, NULL),
  (699, 201, 3, '40000054', 1, NULL),
  (700, 201, 4, '40000055', 2, NULL),
  (701, 201, 5, '40000043', 1, NULL),
  (702, 201, 6, '40000058', 1, NULL),
  (703, 202, 1, '40000082', 1, NULL),
  (704, 202, 2, '40000114', 1, NULL),
  (705, 202, 3, '40000090', 1, NULL),
  (706, 203, 1, '40000135', 1, NULL),
  (707, 203, 2, '40000177', 1, NULL),
  (708, 204, 1, '40000085', 3, NULL),
  (709, 204, 2, '40000036', 1, NULL),
  (710, 204, 3, '40000109', 1, NULL),
  (711, 204, 4, '40000186', 1, NULL),
  (712, 204, 5, '40000116', 1, NULL),
  (713, 205, 1, '40000033', 1, NULL),
  (714, 205, 2, '40000095', 1, NULL),
  (715, 205, 3, '40000026', 1, NULL),
  (716, 206, 1, '40000039', 1, NULL),
  (717, 206, 2, '40000073', 1, NULL),
  (718, 206, 3, '40000015', 3, NULL),
  (719, 207, 1, '40000108', 1, 93600),
  (720, 207, 2, '40000179', 1, NULL),
  (721, 207, 3, '40000081', 2, NULL),
  (722, 207, 4, '40000164', 2, NULL),
  (723, 207, 5, '40000012', 1, NULL),
  (724, 207, 6, '40000171', 1, NULL),
  (725, 208, 1, '40000016', 1, NULL),
  (726, 208, 2, '40000005', 1, NULL),
  (727, 208, 3, '40000107', 1, NULL),
  (728, 209, 1, '40000044', 2, NULL),
  (729, 210, 1, '40000079', 1, NULL),
  (730, 211, 1, '40000052', 1, NULL),
  (731, 212, 1, '40000190', 2, NULL),
  (732, 212, 2, '40000116', 1, NULL),
  (733, 212, 3, '40000025', 1, NULL),
  (734, 212, 4, '40000150', 1, NULL),
  (735, 212, 5, '40000068', 1, NULL),
  (736, 213, 1, '40000081', 1, NULL),
  (737, 213, 2, '40000027', 1, NULL),
  (738, 213, 3, '40000177', 1, NULL),
  (739, 213, 4, '40000080', 1, NULL),
  (740, 214, 1, '40000180', 2, NULL),
  (741, 215, 1, '40000041', 2, NULL),
  (742, 215, 2, '40000139', 1, NULL),
  (743, 215, 3, '40000133', 1, NULL),
  (744, 215, 4, '40000057', 1, NULL),
  (745, 215, 5, '40000100', 1, NULL),
  (746, 216, 1, '40000121', 1, NULL),
  (747, 216, 2, '40808152', 2, NULL),
  (748, 216, 3, '40000148', 1, NULL),
  (749, 216, 4, '40000040', 1, NULL),
  (750, 216, 5, '40000097', 1, NULL),
  (751, 217, 1, '40000169', 1, NULL),
  (752, 217, 2, '40000039', 1, NULL),
  (753, 217, 3, '40000023', 1, NULL),
  (754, 217, 4, '40000097', 1, NULL),
  (755, 217, 5, '40000034', 1, 20900),
  (756, 217, 6, '40000086', 1, NULL),
  (757, 218, 1, '40000082', 1, NULL),
  (758, 218, 2, '40000075', 3, NULL),
  (759, 218, 3, '40000097', 1, 41400),
  (760, 218, 4, '40000039', 2, NULL),
  (761, 219, 1, '40000144', 2, NULL),
  (762, 220, 1, '40000081', 1, NULL),
  (763, 220, 2, '40000020', 1, 112600),
  (764, 220, 3, '40000148', 1, NULL),
  (765, 220, 4, '40000168', 1, NULL),
  (766, 220, 5, '40000171', 1, NULL),
  (767, 221, 1, '40000192', 1, NULL),
  (768, 222, 1, '40000013', 1, NULL),
  (769, 222, 2, '40000053', 1, NULL),
  (770, 222, 3, '40000137', 1, NULL),
  (771, 222, 4, '40000058', 1, NULL),
  (772, 222, 5, '40000096', 1, NULL),
  (773, 222, 6, '40000024', 1, NULL),
  (774, 223, 1, '40000041', 3, NULL),
  (775, 224, 1, '40000026', 1, NULL),
  (776, 224, 2, '40000112', 1, NULL),
  (777, 224, 3, '40000066', 1, NULL),
  (778, 225, 1, '40000156', 1, NULL),
  (779, 225, 2, '40000158', 1, NULL),
  (780, 225, 3, '40000072', 1, NULL),
  (781, 225, 4, '40000148', 1, NULL),
  (782, 225, 5, '40000013', 2, NULL),
  (783, 225, 6, '40000061', 3, NULL),
  (784, 226, 1, '40000177', 2, NULL),
  (785, 226, 2, '40000156', 1, NULL),
  (786, 227, 1, '40000120', 1, NULL),
  (787, 227, 2, '40000078', 1, NULL),
  (788, 227, 3, '40000028', 1, 127400),
  (789, 227, 4, '40000096', 1, NULL),
  (790, 227, 5, '40000101', 1, 133800),
  (791, 227, 6, '40000019', 1, NULL),
  (792, 228, 1, '40000013', 1, NULL),
  (793, 228, 2, '40000089', 1, 115500),
  (794, 228, 3, '40000147', 1, NULL),
  (795, 228, 4, '40000007', 1, NULL),
  (796, 228, 5, '40000049', 1, 69800),
  (797, 228, 6, '40000186', 2, NULL),
  (798, 229, 1, '40000115', 1, NULL),
  (799, 229, 2, '40000105', 3, NULL),
  (800, 229, 3, '40000194', 1, NULL),
  (801, 230, 1, '40000077', 1, NULL),
  (802, 230, 2, '40000050', 3, NULL),
  (803, 230, 3, '40000015', 1, 41000),
  (804, 230, 4, '40000059', 2, NULL),
  (805, 230, 5, '40000033', 1, NULL),
  (806, 230, 6, '40000116', 1, NULL),
  (807, 231, 1, '40000052', 1, NULL),
  (808, 231, 2, '40000064', 3, NULL),
  (809, 231, 3, '40000069', 1, NULL),
  (810, 231, 4, '40000168', 1, NULL),
  (811, 232, 1, '40000134', 1, NULL),
  (812, 232, 2, '40000002', 1, NULL),
  (813, 233, 1, '40000047', 1, NULL),
  (814, 233, 2, '40000155', 1, NULL),
  (815, 233, 3, '40000166', 2, NULL),
  (816, 233, 4, '40000069', 1, NULL),
  (817, 233, 5, '40000160', 1, NULL),
  (818, 234, 1, '40000190', 2, NULL),
  (819, 235, 1, '40000143', 3, NULL),
  (820, 235, 2, '40000161', 1, NULL),
  (821, 236, 1, '40000193', 1, NULL),
  (822, 236, 2, '40000082', 1, NULL),
  (823, 236, 3, '40000088', 1, NULL),
  (824, 237, 1, '40000086', 1, NULL),
  (825, 237, 2, '40000051', 1, NULL),
  (826, 237, 3, '40000166', 2, NULL),
  (827, 237, 4, '40000165', 1, NULL),
  (828, 237, 5, '40000156', 1, NULL),
  (829, 238, 1, '40000049', 1, NULL),
  (830, 238, 2, '40000005', 1, NULL),
  (831, 238, 3, '40000084', 1, NULL),
  (832, 238, 4, '40000157', 1, NULL),
  (833, 239, 1, '40000084', 1, NULL),
  (834, 240, 1, '40000186', 1, NULL),
  (835, 240, 2, '40000091', 1, NULL),
  (836, 240, 3, '40000192', 1, 47700),
  (837, 240, 4, '40000190', 1, NULL),
  (838, 240, 5, '40000135', 3, NULL),
  (839, 240, 6, '40000048', 1, 32200),
  (840, 241, 1, '40000188', 1, NULL),
  (841, 241, 2, '40000149', 1, NULL),
  (842, 241, 3, '40000062', 1, NULL),
  (843, 241, 4, '40000054', 1, NULL),
  (844, 242, 1, '40000093', 1, NULL),
  (845, 242, 2, '40000106', 1, NULL),
  (846, 242, 3, '40000141', 1, NULL),
  (847, 242, 4, '40000068', 1, NULL),
  (848, 243, 1, '40000166', 1, NULL),
  (849, 244, 1, '40000062', 1, NULL),
  (850, 244, 2, '40000031', 1, NULL),
  (851, 244, 3, '40000085', 1, NULL),
  (852, 244, 4, '40000052', 1, NULL),
  (853, 245, 1, '40000078', 1, NULL),
  (854, 245, 2, '40000154', 1, NULL),
  (855, 245, 3, '40000134', 3, NULL),
  (856, 246, 1, '40000078', 1, NULL),
  (857, 246, 2, '40000008', 1, NULL),
  (858, 247, 1, '40000168', 1, NULL),
  (859, 248, 1, '40000151', 2, NULL),
  (860, 248, 2, '40000032', 2, NULL),
  (861, 248, 3, '40000085', 1, 6100),
  (862, 249, 1, '30602246', 1, NULL),
  (863, 249, 2, '40000188', 3, NULL),
  (864, 249, 3, '40000080', 1, NULL),
  (865, 249, 4, '40000063', 1, 103400),
  (866, 249, 5, '40000146', 1, NULL),
  (867, 249, 6, '30602050', 2, NULL),
  (868, 250, 1, '40000113', 1, NULL),
  (869, 250, 2, '40000067', 1, NULL),
  (870, 250, 3, '40000095', 1, NULL),
  (871, 250, 4, '40000172', 2, 118200),
  (872, 250, 5, '40000047', 1, NULL),
  (873, 251, 1, '40000011', 2, NULL),
  (874, 251, 2, '40000120', 1, NULL),
  (875, 251, 3, '40000011', 1, NULL),
  (876, 252, 1, '40000024', 1, NULL),
  (877, 252, 2, '30715016', 1, NULL),
  (878, 252, 3, '40000140', 1, NULL),
  (879, 253, 1, '40000170', 3, NULL),
  (880, 253, 2, '40000144', 3, NULL),
  (881, 253, 3, '40000168', 1, NULL),
  (882, 253, 4, '40000027', 1, NULL),
  (883, 254, 1, '40000183', 1, NULL),
  (884, 254, 2, '40000066', 1, NULL),
  (885, 254, 3, '40000043', 3, NULL),
  (886, 254, 4, '40000088', 1, NULL),
  (887, 254, 5, '40000116', 1, NULL),
  (888, 254, 6, '40000187', 1, NULL),
  (889, 255, 1, '40000121', 1, NULL),
  (890, 255, 2, '40000055', 1, NULL),
  (891, 256, 1, '40000137', 2, NULL),
  (892, 256, 2, '30602050', 1, NULL),
  (893, 257, 1, '40000168', 1, NULL),
  (894, 257, 2, '40000052', 2, NULL),
  (895, 257, 3, '40000172', 2, NULL),
  (896, 257, 4, '40000167', 1, 80800),
  (897, 258, 1, '40000165', 1, NULL),
  (898, 258, 2, '40000042', 1, NULL),
  (899, 258, 3, '40000054', 2, 126500),
  (900, 258, 4, '40000138', 1, NULL),
  (901, 258, 5, '40000089', 1, NULL),
  (902, 258, 6, '40000186', 3, NULL),
  (903, 259, 1, '40000070', 1, 81800),
  (904, 259, 2, '40000000', 1, NULL),
  (905, 259, 3, '40000154', 1, NULL),
  (906, 259, 4, '40000139', 1, NULL),
  (907, 259, 5, '40000147', 1, NULL),
  (908, 260, 1, '40000131', 1, NULL),
  (909, 260, 2, '40000171', 1, NULL),
  (910, 260, 3, '40000132', 3, NULL),
  (911, 261, 1, '40000190', 1, NULL),
  (912, 261, 2, '40000162', 3, NULL),
  (913, 261, 3, '40000126', 1, NULL),
  (914, 261, 4, '40000080', 2, 8700),
  (915, 261, 5, '40000166', 2, NULL),
  (916, 261, 6, '40000007', 2, NULL),
  (917, 262, 1, '40000047', 1, NULL),
  (918, 262, 2, '40000048', 1, NULL),
  (919, 262, 3, '40000054', 1, NULL),
  (920, 262, 4, '40000191', 1, NULL),
  (921, 262, 5, '40000004', 1, NULL),
  (922, 263, 1, '40000060', 1, NULL),
  (923, 263, 2, '40000036', 1, NULL),
  (924, 264, 1, '40000108', 3, NULL),
  (925, 264, 2, '40000033', 1, NULL),
  (926, 264, 3, '40000158', 2, NULL),
  (927, 264, 4, '40000180', 2, 126700),
  (928, 265, 1, '40000006', 3, NULL),
  (929, 266, 1, '40000175', 1, NULL),
  (930, 266, 2, '40000133', 1, NULL),
  (931, 267, 1, '40000137', 1, NULL),
  (932, 267, 2, '40000156', 1, NULL),
  (933, 267, 3, '40000151', 3, 31600),
  (934, 268, 1, '40000100', 1, 35100),
  (935, 268, 2, '40000131', 1, NULL),
  (936, 269, 1, '40000062', 1, NULL),
  (937, 269, 2, '40000100', 2, NULL),
  (938, 269, 3, '40000188', 3, NULL),
  (939, 269, 4, '40000154', 1, NULL),
  (940, 269, 5, '40000089', 1, NULL),
  (941, 270, 1, '40000185', 1, 142400),
  (942, 270, 2, '40000014', 1, NULL),
  (943, 271, 1, '40000132', 1, NULL),
  (944, 271, 2, '40000072', 2, NULL),
  (945, 271, 3, '40000063', 1, NULL),
  (946, 272, 1, '40000153', 2, NULL),
  (947, 272, 2, '40000080', 1, NULL),
  (948, 273, 1, '40000131', 1, NULL),
  (949, 273, 2, '40000006', 3, NULL),
  (950, 273, 3, '40000100', 1, NULL),
  (951, 274, 1, '40000111', 1, NULL),
  (952, 274, 2, '40000082', 1, NULL),
  (953, 274, 3, '40000067', 1, 56600),
  (954, 274, 4, '40000093', 1, NULL),
  (955, 274, 5, '40000085', 1, 131300),
  (956, 274, 6, '40000189', 1, NULL),
  (957, 275, 1, '40000191', 2, NULL),
  (958, 275, 2, '40000106', 1, NULL),
  (959, 275, 3, '40000145', 1, NULL),
  (960, 275, 4, '40000145', 1, NULL),
  (961, 275, 5, '40000087', 1, NULL),
  (962, 276, 1, '40000029', 1, NULL),
  (963, 277, 1, '40000167', 1, NULL),
  (964, 277, 2, '40000186', 1, NULL),
  (965, 277, 3, '40000194', 1, 44900),
  (966, 278, 1, '40000031', 1, NULL),
  (967, 278, 2, '40000147', 2, NULL),
  (968, 278, 3, '40000021', 1, NULL),
  (969, 278, 4, '40000124', 1, NULL),
  (970, 279, 1, '40000144', 1, NULL),
  (971, 279, 2, '40000142', 1, NULL),
  (972, 279, 3, '40000051', 1, NULL),
  (973, 279, 4, '40000135', 3, NULL),
  (974, 280, 1, '40000036', 1, NULL),
  (975, 280, 2, '40000005', 1, NULL),
  (976, 280, 3, '40000007', 1, NULL),
  (977, 280, 4, '40000152', 1, NULL),
  (978, 280, 5, '40000194', 1, NULL),
  (979, 280, 6, '40000195', 1, NULL),
  (980, 281, 1, '40000053', 1, 98500),
  (981, 281, 2, '40000119', 1, NULL),
  (982, 282, 1, '40000195', 1, 148000),
  (983, 282, 2, '40000185', 2, 37400),
  (984, 282, 3, '40000090', 1, 106200),
  (985, 282, 4, '40000153', 1, NULL),
  (986, 282, 5, '40000028', 2, NULL),
  (987, 283, 1, '40000010', 1, NULL),
  (988, 283, 2, '40000120', 1, NULL),
  (989, 283, 3, '40000060', 1, NULL),
  (990, 283, 4, '40000180', 1, NULL),
  (991, 283, 5, '40000012', 1, NULL),
  (992, 283, 6, '40000011', 1, NULL),
  (993, 284, 1, '40000152', 2, NULL),
  (994, 284, 2, '40000086', 1, NULL),
  (995, 284, 3, '40000077', 1, NULL),
  (996, 285, 1, '40000042', 2, NULL),
  (997, 285, 2, '40000010', 1, NULL),
  (998, 285, 3, '40000127', 1, NULL),
  (999, 285, 4, '40000135', 3, 114700),
  (1000, 286, 1, '40000171', 1, NULL),
  (1001, 286, 2, '40000010', 2, NULL),
  (1002, 286, 3, '40000036', 1, NULL),
  (1003, 286, 4, '30602050', 3, 70000),
  (1004, 287, 1, '40000169', 1, NULL),
  (1005, 287, 2, '40000071', 1, NULL),
  (1006, 287, 3, '40000111', 1, NULL),
  (1007, 288, 1, '40000142', 2, NULL),
  (1008, 289, 1, '40000175', 1, 100800),
  (1009, 290, 1, '40000155', 1, NULL),
  (1010, 290, 2, '40000004', 1, NULL),
  (1011, 290, 3, '40000010', 1, NULL),
  (1012, 290, 4, '40000157', 1, NULL),
  (1013, 290, 5, '40000176', 1, NULL),
  (1014, 290, 6, '40000030', 1, 44200),
  (1015, 291, 1, '40000139', 1, NULL),
  (1016, 291, 2, '40000176', 1, NULL),
  (1017, 291, 3, '40000108', 1, NULL),
  (1018, 292, 1, '40000151', 3, NULL),
  (1019, 292, 2, '40000087', 3, NULL),
  (1020, 292, 3, '40000031', 1, NULL),
  (1021, 292, 4, '40000132', 2, NULL),
  (1022, 292, 5, '40000190', 1, NULL),
  (1023, 292, 6, '40000066', 1, 21700),
  (1024, 293, 1, '40000138', 1, NULL),
  (1025, 293, 2, '40000023', 1, NULL),
  (1026, 293, 3, '40000164', 1, NULL),
  (1027, 293, 4, '40000032', 1, NULL),
  (1028, 293, 5, '40000093', 1, NULL),
  (1029, 294, 1, '40000134', 1, NULL),
  (1030, 294, 2, '40000142', 1, NULL),
  (1031, 294, 3, '40000006', 1, NULL),
  (1032, 294, 4, '40000122', 3, NULL),
  (1033, 295, 1, '40000070', 1, NULL),
  (1034, 295, 2, '40000001', 1, NULL),
  (1035, 295, 3, '40000091', 1, NULL),
  (1036, 295, 4, '30715016', 1, NULL),
  (1037, 295, 5, '40000147', 1, NULL),
  (1038, 295, 6, '40000033', 1, NULL),
  (1039, 296, 1, '40000179', 1, 116000),
  (1040, 296, 2, '40000173', 3, NULL),
  (1041, 296, 3, '40000153', 1, NULL),
  (1042, 296, 4, '40000072', 3, NULL),
  (1043, 296, 5, '40000150', 1, NULL),
  (1044, 296, 6, '40000060', 1, 44200),
  (1045, 297, 1, '40000194', 1, NULL),
  (1046, 297, 2, '40000134', 1, NULL),
  (1047, 297, 3, '40000094', 3, NULL),
  (1048, 297, 4, '40000120', 1, NULL),
  (1049, 298, 1, '40000116', 3, NULL),
  (1050, 298, 2, '40000193', 2, 63500),
  (1051, 298, 3, '40000053', 1, NULL),
  (1052, 298, 4, '40000033', 1, NULL),
  (1053, 298, 5, '40000128', 1, NULL),
  (1054, 299, 1, '40000082', 1, NULL),
  (1055, 299, 2, '40000173', 1, 90500),
  (1056, 299, 3, '40000024', 1, NULL),
  (1057, 299, 4, '40000098', 1, NULL),
  (1058, 300, 1, '40000138', 2, NULL),
  (1059, 300, 2, '40000119', 1, NULL),
  (1060, 300, 3, '40000074', 1, NULL),
  (1061, 301, 1, '40000077', 2, 14500),
  (1062, 302, 1, '40000132', 1, NULL),
  (1063, 302, 2, '40000060', 1, NULL),
  (1064, 302, 3, '30602050', 1, NULL),
  (1065, 302, 4, '40000111', 1, NULL),
  (1066, 302, 5, '40000006', 1, NULL),
  (1067, 302, 6, '40000193', 1, 25500),
  (1068, 303, 1, '40000179', 1, NULL),
  (1069, 303, 2, '40000192', 1, NULL),
  (1070, 303, 3, '40000159', 3, NULL),
  (1071, 303, 4, '40000127', 1, NULL),
  (1072, 303, 5, '40000039', 1, NULL),
  (1073, 304, 1, '40000102', 1, NULL),
  (1074, 304, 2, '40000174', 1, NULL),
  (1075, 305, 1, '40000000', 1, NULL),
  (1076, 305, 2, '40000043', 1, NULL),
  (1077, 305, 3, '40000134', 1, NULL),
  (1078, 305, 4, '40000083', 3, NULL),
  (1079, 305, 5, '40000125', 1, 86600),
  (1080, 305, 6, '40000043', 1, NULL),
  (1081, 306, 1, '30602246', 1, NULL),
  (1082, 307, 1, '40000118', 1, NULL),
  (1083, 307, 2, '40000113', 1, NULL),
  (1084, 307, 3, '40000122', 1, NULL),
  (1085, 307, 4, '40000033', 1, NULL),
  (1086, 307, 5, '40000156', 1, NULL),
  (1087, 308, 1, '40000179', 1, NULL),
  (1088, 308, 2, '40000074', 2, NULL),
  (1089, 308, 3, '40000059', 1, NULL),
  (1090, 308, 4, '40000130', 2, NULL),
  (1091, 308, 5, '40000160', 1, NULL),
  (1092, 309, 1, '40000106', 1, NULL),
  (1093, 309, 2, '40000127', 1, NULL),
  (1094, 310, 1, '40000176', 2, 75400),
  (1095, 310, 2, '40000002', 1, NULL),
  (1096, 310, 3, '40000087', 1, NULL),
  (1097, 311, 1, '40000040', 1, NULL),
  (1098, 312, 1, '40000016', 1, NULL),
  (1099, 313, 1, '40000166', 1, NULL),
  (1100, 313, 2, '40000082', 1, NULL),
  (1101, 313, 3, '40000158', 1, NULL),
  (1102, 314, 1, '40000019', 1, 49700),
  (1103, 314, 2, '40000118', 1, NULL),
  (1104, 314, 3, '40000171', 1, NULL),
  (1105, 314, 4, '40000003', 1, 93300),
  (1106, 315, 1, '40000156', 1, NULL),
  (1107, 315, 2, '40000149', 1, NULL),
  (1108, 315, 3, '40000185', 1, NULL),
  (1109, 315, 4, '40000070', 1, NULL),
  (1110, 315, 5, '40000015', 1, NULL),
  (1111, 316, 1, '40000185', 1, NULL),
  (1112, 317, 1, '40000160', 1, NULL),
  (1113, 317, 2, '40000094', 3, NULL),
  (1114, 317, 3, '40000108', 1, NULL),
  (1115, 317, 4, '40000081', 1, 6700),
  (1116, 318, 1, '40000019', 1, NULL),
  (1117, 318, 2, '40000122', 1, NULL),
  (1118, 318, 3, '40000116', 1, 125400),
  (1119, 319, 1, '40000158', 1, NULL),
  (1120, 319, 2, '40000161', 2, NULL),
  (1121, 319, 3, '40000105', 1, NULL),
  (1122, 319, 4, '40000121', 3, NULL),
  (1123, 319, 5, '40000071', 3, NULL),
  (1124, 320, 1, '40000033', 3, NULL),
  (1125, 320, 2, '40000039', 1, NULL),
  (1126, 320, 3, '40000016', 1, NULL),
  (1127, 321, 1, '40000025', 1, NULL),
  (1128, 321, 2, '40000129', 1, NULL),
  (1129, 321, 3, '40000104', 1, NULL),
  (1130, 321, 4, '40000129', 1, NULL),
  (1131, 322, 1, '40000063', 1, NULL),
  (1132, 322, 2, '40000038', 1, NULL),
  (1133, 322, 3, '40000009', 1, NULL),
  (1134, 322, 4, '40000176', 1, NULL),
  (1135, 322, 5, '40000153', 1, NULL),
  (1136, 322, 6, '40000095', 1, NULL),
  (1137, 323, 1, '40000130', 1, NULL),
  (1138, 323, 2, '40000032', 1, NULL),
  (1139, 324, 1, '40000000', 1, NULL),
  (1140, 324, 2, '40000074', 1, 37800),
  (1141, 324, 3, '30602050', 1, NULL),
  (1142, 324, 4, '40000073', 1, NULL),
  (1143, 324, 5, '40000160', 1, NULL),
  (1144, 324, 6, '40000149', 1, 42700),
  (1145, 325, 1, '40000133', 1, NULL),
  (1146, 325, 2, '40000025', 1, 117500),
  (1147, 326, 1, '40000132', 1, NULL),
  (1148, 326, 2, '40000055', 1, NULL),
  (1149, 327, 1, '40000104', 1, NULL),
  (1150, 327, 2, '40000039', 1, NULL),
  (1151, 327, 3, '40000066', 3, NULL),
  (1152, 327, 4, '40000113', 2, NULL),
  (1153, 327, 5, '40000029', 2, NULL),
  (1154, 327, 6, '40000035', 1, NULL),
  (1155, 328, 1, '40000043', 2, NULL),
  (1156, 328, 2, '40000100', 1, 125000),
  (1157, 329, 1, '40000010', 1, NULL),
  (1158, 329, 2, '40000137', 3, NULL),
  (1159, 329, 3, '40000021', 2, NULL),
  (1160, 329, 4, '40000144', 1, NULL),
  (1161, 329, 5, '40000158', 2, NULL),
  (1162, 330, 1, '40000160', 3, 19000),
  (1163, 330, 2, '40000136', 2, NULL),
  (1164, 331, 1, '40000180', 1, NULL),
  (1165, 331, 2, '40000004', 1, NULL),
  (1166, 331, 3, '40000148', 1, NULL),
  (1167, 331, 4, '40000028', 1, NULL),
  (1168, 331, 5, '40000138', 1, NULL),
  (1169, 331, 6, '40000100', 1, NULL),
  (1170, 332, 1, '40000195', 3, 72700),
  (1171, 332, 2, '40000072', 1, NULL),
  (1172, 332, 3, '40000172', 1, NULL),
  (1173, 333, 1, '40000146', 2, NULL),
  (1174, 334, 1, '40000153', 1, NULL),
  (1175, 334, 2, '30602246', 1, NULL),
  (1176, 334, 3, '40000072', 1, NULL),
  (1177, 334, 4, '40000188', 1, NULL),
  (1178, 335, 1, '30602050', 3, NULL),
  (1179, 335, 2, '40000136', 3, NULL),
  (1180, 335, 3, '40000093', 1, 69000),
  (1181, 335, 4, '40000058', 1, NULL),
  (1182, 335, 5, '40000059', 1, 81500),
  (1183, 336, 1, '40000096', 1, NULL),
  (1184, 336, 2, '40000132', 1, NULL),
  (1185, 337, 1, '40000025', 2, NULL),
  (1186, 337, 2, '40000118', 1, NULL),
  (1187, 338, 1, '40000138', 1, NULL),
  (1188, 338, 2, '40000166', 1, NULL),
  (1189, 338, 3, '40000134', 3, NULL),
  (1190, 339, 1, '40000193', 1, NULL),
  (1191, 339, 2, '40000188', 1, NULL),
  (1192, 340, 1, '40000178', 2, NULL),
  (1193, 341, 1, '40000025', 1, NULL),
  (1194, 341, 2, '40000042', 1, NULL),
  (1195, 341, 3, '40000050', 3, 86700),
  (1196, 342, 1, '40000037', 1, NULL),
  (1197, 342, 2, '40000187', 1, NULL),
  (1198, 342, 3, '40000163', 1, NULL),
  (1199, 342, 4, '40000087', 3, 98700),
  (1200, 342, 5, '40000189', 2, NULL),
  (1201, 342, 6, '40000188', 1, NULL),
  (1202, 343, 1, '40000075', 3, NULL),
  (1203, 343, 2, '40000115', 3, NULL),
  (1204, 344, 1, '40000047', 1, NULL),
  (1205, 344, 2, '40000122', 1, NULL),
  (1206, 344, 3, '40000146', 1, NULL),
  (1207, 345, 1, '40000015', 1, NULL),
  (1208, 345, 2, '40000007', 2, NULL),
  (1209, 345, 3, '40000099', 1, NULL),
  (1210, 345, 4, '40000070', 1, NULL),
  (1211, 345, 5, '40000123', 1, 98600),
  (1212, 345, 6, '40000139', 1, NULL),
  (1213, 346, 1, '40000002', 2, NULL),
  (1214, 346, 2, '40000012', 1, NULL),
  (1215, 346, 3, '40000194', 1, NULL),
  (1216, 346, 4, '40000086', 1, NULL),
  (1217, 347, 1, '40000104', 1, NULL),
  (1218, 347, 2, '40000132', 1, NULL),
  (1219, 348, 1, '40000143', 2, NULL),
  (1220, 348, 2, '40000010', 1, NULL),
  (1221, 349, 1, '40808152', 1, NULL),
  (1222, 349, 2, '40000166', 3, NULL),
  (1223, 349, 3, '40000079', 2, NULL),
  (1224, 349, 4, '40000083', 1, NULL),
  (1225, 350, 1, '40000163', 1, NULL),
  (1226, 350, 2, '40000074', 1, NULL),
  (1227, 350, 3, '40000107', 1, NULL),
  (1228, 350, 4, '40000079', 1, NULL),
  (1229, 350, 5, '40000108', 2, NULL),
  (1230, 350, 6, '40000054', 1, NULL),
  (1231, 351, 1, '40000036', 2, NULL),
  (1232, 351, 2, '40000113', 1, NULL),
  (1233, 351, 3, '40000137', 3, NULL),
  (1234, 352, 1, '40000176', 1, NULL),
  (1235, 352, 2, '40000098', 1, NULL),
  (1236, 352, 3, '40000161', 1, 87800),
  (1237, 352, 4, '40000073', 1, NULL),
  (1238, 353, 1, '40000112', 3, NULL),
  (1239, 354, 1, '40000160', 3, NULL),
  (1240, 355, 1, '40000088', 1, NULL),
  (1241, 355, 2, '40000065', 1, NULL),
  (1242, 355, 3, '30602246', 1, NULL),
  (1243, 356, 1, '40000176', 3, NULL),
  (1244, 356, 2, '40000181', 3, NULL),
  (1245, 356, 3, '40000003', 1, NULL),
  (1246, 357, 1, '40000031', 1, NULL),
  (1247, 357, 2, '40000191', 2, NULL),
  (1248, 357, 3, '40000093', 1, NULL),
  (1249, 358, 1, '40000100', 1, 125300),
  (1250, 358, 2, '40000050', 1, NULL),
  (1251, 358, 3, '40000135', 1, NULL),
  (1252, 358, 4, '40000133', 1, NULL),
  (1253, 359, 1, '40000010', 1, NULL),
  (1254, 359, 2, '40000129', 1, NULL),
  (1255, 359, 3, '40000147', 1, NULL),
  (1256, 359, 4, '40000121', 1, NULL),
  (1257, 359, 5, '40000089', 1, NULL),
  (1258, 359, 6, '40000153', 1, NULL),
  (1259, 360, 1, '40000019', 1, 75000),
  (1260, 360, 2, '40000100', 1, NULL),
  (1261, 360, 3, '40000062', 3, NULL),
  (1262, 360, 4, '40000109', 3, NULL),
  (1263, 361, 1, '40000193', 1, NULL),
  (1264, 361, 2, '40000114', 1, NULL),
  (1265, 361, 3, '40000176', 2, NULL),
  (1266, 361, 4, '40000011', 3, NULL),
  (1267, 361, 5, '40000173', 1, NULL),
  (1268, 361, 6, '40000185', 1, NULL),
  (1269, 362, 1, '40000024', 1, NULL),
  (1270, 362, 2, '40000100', 1, NULL),
  (1271, 362, 3, '40000052', 1, NULL),
  (1272, 362, 4, '40000147', 1, NULL),
  (1273, 362, 5, '40000045', 1, NULL),
  (1274, 362, 6, '40000060', 1, NULL),
  (1275, 363, 1, '40000144', 1, NULL),
  (1276, 364, 1, '40000140', 1, NULL),
  (1277, 364, 2, '40000140', 1, NULL),
  (1278, 364, 3, '40000185', 1, NULL),
  (1279, 365, 1, '40000190', 1, NULL),
  (1280, 365, 2, '40000122', 1, NULL),
  (1281, 366, 1, '40000191', 1, NULL),
  (1282, 366, 2, '40000091', 1, 146300),
  (1283, 366, 3, '40000174', 1, NULL),
  (1284, 366, 4, '40000139', 1, NULL),
  (1285, 366, 5, '40000161', 2, NULL),
  (1286, 367, 1, '40000013', 1, NULL),
  (1287, 367, 2, '40000063', 2, 84700),
  (1288, 367, 3, '40000110', 2, NULL),
  (1289, 367, 4, '40000173', 1, NULL),
  (1290, 367, 5, '40000084', 1, NULL),
  (1291, 367, 6, '40000100', 1, NULL),
  (1292, 368, 1, '40000131', 2, NULL),
  (1293, 368, 2, '40000032', 1, NULL),
  (1294, 368, 3, '40000012', 1, 71000),
  (1295, 369, 1, '40000086', 1, NULL),
  (1296, 369, 2, '40000102', 1, NULL),
  (1297, 369, 3, '40000175', 3, NULL),
  (1298, 369, 4, '40000123', 1, NULL),
  (1299, 369, 5, '40000166', 1, 68800),
  (1300, 370, 1, '40000110', 1, NULL),
  (1301, 370, 2, '40000132', 1, NULL),
  (1302, 370, 3, '40000005', 1, NULL),
  (1303, 370, 4, '40000031', 1, NULL),
  (1304, 370, 5, '40000047', 1, NULL),
  (1305, 371, 1, '40000068', 1, NULL),
  (1306, 371, 2, '40000034', 1, 110500),
  (1307, 371, 3, '40000004', 1, NULL),
  (1308, 371, 4, '40000082', 1, NULL),
  (1309, 372, 1, '40000090', 1, NULL),
  (1310, 372, 2, '40000114', 1, NULL),
  (1311, 373, 1, '40000097', 1, NULL),
  (1312, 373, 2, '40000012', 1, 23000),
  (1313, 373, 3, '40000092', 1, NULL),
  (1314, 373, 4, '40000107', 1, NULL),
  (1315, 373, 5, '40000061', 1, NULL),
  (1316, 374, 1, '40000040', 3, NULL),
  (1317, 374, 2, '40000111', 3, NULL),
  (1318, 375, 1, '40000116', 1, NULL),
  (1319, 375, 2, '40000066', 2, NULL),
  (1320, 375, 3, '40000027', 1, NULL),
  (1321, 375, 4, '40000052', 2, NULL),
  (1322, 375, 5, '40000194', 1, NULL),
  (1323, 376, 1, '40000079', 1, 131400),
  (1324, 377, 1, '40000104', 1, 56200),
  (1325, 377, 2, '40000038', 1, NULL),
  (1326, 377, 3, '40000118', 1, NULL),
  (1327, 377, 4, '40000124', 1, NULL),
  (1328, 378, 1, '40000092', 3, NULL),
  (1329, 379, 1, '40000159', 1, NULL),
  (1330, 379, 2, '40000081', 1, 57300),
  (1331, 379, 3, '40000025', 1, NULL),
  (1332, 380, 1, '40000142', 3, NULL),
  (1333, 381, 1, '40000181', 1, NULL),
  (1334, 381, 2, '40000125', 1, NULL),
  (1335, 381, 3, '40000105', 1, NULL),
  (1336, 381, 4, '40000190', 1, NULL),
  (1337, 382, 1, '40000184', 1, NULL),
  (1338, 382, 2, '40000135', 1, NULL),
  (1339, 382, 3, '40000188', 1, NULL),
  (1340, 382, 4, '40000094', 1, NULL),
  (1341, 382, 5, '40000009', 2, NULL),
  (1342, 382, 6, '40000034', 3, 131500),
  (1343, 383, 1, '40000142', 1, NULL),
  (1344, 383, 2, '40000022', 1, NULL),
  (1345, 384, 1, '40000183', 1, NULL),
  (1346, 384, 2, '40000040', 1, NULL),
  (1347, 384, 3, '40000100', 1, NULL),
  (1348, 385, 1, '40000067', 2, NULL),
  (1349, 385, 2, '40000030', 1, NULL),
  (1350, 386, 1, '40000056', 1, NULL),
  (1351, 386, 2, '40000105', 1, NULL),
  (1352, 386, 3, '40000140', 1, NULL),
  (1353, 386, 4, '40000103', 3, NULL),
  (1354, 386, 5, '40000030', 1, NULL),
  (1355, 386, 6, '40000094', 1, NULL),
  (1356, 387, 1, '40000024', 2, NULL),
  (1357, 387, 2, '40000171', 1, NULL),
  (1358, 387, 3, '40000059', 1, NULL),
  (1359, 388, 1, '40000002', 1, NULL),
  (1360, 388, 2, '40000120', 1, NULL),
  (1361, 388, 3, '40000056', 2, NULL),
  (1362, 389, 1, '40000067', 1, NULL),
  (1363, 390, 1, '40000027', 1, NULL),
  (1364, 390, 2, '40000113', 1, NULL),
  (1365, 391, 1, '40000184', 1, NULL),
  (1366, 392, 1, '40000122', 1, NULL),
  (1367, 392, 2, '40000182', 1, NULL),
  (1368, 392, 3, '40000173', 1, NULL),
  (1369, 393, 1, '40000048', 1, NULL),
  (1370, 393, 2, '40000147', 1, NULL),
  (1371, 393, 3, '40000074', 1, NULL),
  (1372, 393, 4, '40000045', 1, 96200),
  (1373, 394, 1, '40000120', 1, NULL),
  (1374, 394, 2, '40000122', 1, NULL),
  (1375, 394, 3, '40000052', 1, NULL),
  (1376, 395, 1, '40000072', 1, NULL),
  (1377, 395, 2, '40000079', 1, NULL),
  (1378, 395, 3, '40000115', 1, NULL),
  (1379, 395, 4, '40000021', 1, NULL),
  (1380, 396, 1, '40000102', 1, 77900),
  (1381, 396, 2, '40000123', 1, 108200),
  (1382, 396, 3, '40000117', 1, NULL),
  (1383, 396, 4, '40000009', 1, NULL),
  (1384, 397, 1, '40000064', 1, NULL),
  (1385, 398, 1, '40000080', 1, NULL),
  (1386, 398, 2, '40000045', 1, NULL),
  (1387, 398, 3, '40000122', 3, NULL),
  (1388, 398, 4, '40000046', 3, NULL),
  (1389, 398, 5, '40000003', 1, NULL),
  (1390, 399, 1, '40000059', 2, NULL),
  (1391, 399, 2, '40000074', 1, 6100),
  (1392, 400, 1, '40000002', 1, NULL),
  (1393, 400, 2, '40000003', 1, NULL),
  (1394, 400, 3, '40000152', 2, NULL),
  (1395, 400, 4, '40000094', 1, NULL),
  (1396, 400, 5, '40000136', 3, NULL),
  (1397, 401, 1, '40000103', 1, NULL),
  (1398, 401, 2, '40000132', 1, NULL),
  (1399, 401, 3, '40000172', 2, NULL),
  (1400, 401, 4, '40000115', 3, NULL),
  (1401, 402, 1, '40000084', 1, NULL),
  (1402, 402, 2, '40000185', 3, NULL),
  (1403, 403, 1, '40000182', 1, NULL),
  (1404, 404, 1, '40000105', 1, NULL),
  (1405, 404, 2, '40000083', 1, 15700),
  (1406, 404, 3, '40000007', 1, NULL),
  (1407, 404, 4, '40000024', 1, NULL),
  (1408, 404, 5, '40000172', 1, 97100),
  (1409, 405, 1, '40000013', 1, NULL),
  (1410, 406, 1, '40000088', 1, NULL),
  (1411, 406, 2, '40000047', 1, NULL),
  (1412, 406, 3, '40000053', 1, NULL),
  (1413, 406, 4, '40000078', 1, NULL),
  (1414, 407, 1, '40000060', 1, NULL),
  (1415, 407, 2, '40000151', 1, NULL),
  (1416, 407, 3, '40000047', 2, NULL),
  (1417, 407, 4, '40000043', 1, NULL),
  (1418, 408, 1, '40000095', 1, NULL),
  (1419, 408, 2, '40000040', 1, NULL),
  (1420, 408, 3, '40000151', 2, 56800),
  (1421, 408, 4, '40000148', 1, NULL),
  (1422, 408, 5, '40000086', 2, NULL),
  (1423, 409, 1, '40000008', 1, NULL),
  (1424, 409, 2, '40000181', 1, NULL),
  (1425, 409, 3, '40000088', 2, NULL),
  (1426, 410, 1, '40000122', 1, NULL),
  (1427, 410, 2, '40000164', 1, NULL),
  (1428, 411, 1, '40000030', 1, NULL),
  (1429, 411, 2, '40000147', 1, NULL),
  (1430, 411, 3, '40000085', 2, NULL),
  (1431, 411, 4, '40000073', 2, NULL),
  (1432, 411, 5, '40000114', 1, NULL),
  (1433, 412, 1, '40000185', 3, NULL),
  (1434, 412, 2, '40000149', 1, NULL),
  (1435, 412, 3, '40000044', 1, 99900),
  (1436, 413, 1, '40000179', 1, NULL),
  (1437, 413, 2, '40000094', 1, NULL),
  (1438, 413, 3, '30715016', 1, NULL),
  (1439, 414, 1, '40000131', 1, NULL),
  (1440, 414, 2, '40000072', 1, 67200),
  (1441, 415, 1, '40000027', 1, NULL),
  (1442, 415, 2, '40000103', 1, NULL),
  (1443, 415, 3, '40000142', 2, NULL),
  (1444, 415, 4, '40000073', 1, NULL),
  (1445, 416, 1, '40000126', 2, NULL),
  (1446, 416, 2, '40000133', 1, NULL),
  (1447, 416, 3, '40000117', 2, NULL),
  (1448, 416, 4, '40000138', 3, NULL),
  (1449, 416, 5, '40000122', 1, NULL),
  (1450, 416, 6, '40000050', 1, 62300),
  (1451, 417, 1, '40000139', 1, NULL),
  (1452, 417, 2, '40000007', 1, NULL),
  (1453, 417, 3, '40000147', 1, 32900),
  (1454, 418, 1, '40000131', 1, NULL),
  (1455, 418, 2, '40000180', 1, NULL),
  (1456, 418, 3, '40000077', 1, NULL),
  (1457, 418, 4, '40000061', 1, 94800),
  (1458, 419, 1, '40000022', 1, NULL),
  (1459, 419, 2, '40000140', 1, NULL),
  (1460, 419, 3, '40000110', 3, NULL),
  (1461, 419, 4, '40000119', 3, 32300),
  (1462, 420, 1, '40000150', 1, NULL),
  (1463, 420, 2, '40000020', 1, NULL),
  (1464, 421, 1, '30715016', 1, NULL),
  (1465, 421, 2, '40000092', 1, NULL),
  (1466, 422, 1, '40000091', 1, NULL),
  (1467, 423, 1, '40000170', 1, NULL),
  (1468, 424, 1, '40000191', 1, 128800),
  (1469, 424, 2, '40000020', 1, NULL),
  (1470, 424, 3, '40000091', 1, NULL),
  (1471, 425, 1, '40000112', 1, NULL),
  (1472, 425, 2, '40000060', 1, NULL),
  (1473, 425, 3, '40000101', 1, NULL),
  (1474, 425, 4, '40000174', 1, NULL),
  (1475, 425, 5, '40000107', 1, NULL),
  (1476, 425, 6, '40000016', 1, NULL),
  (1477, 426, 1, '40000156', 1, NULL),
  (1478, 426, 2, '40000135', 3, NULL),
  (1479, 427, 1, '40000107', 1, NULL),
  (1480, 427, 2, '40000017', 1, NULL),
  (1481, 428, 1, '40000029', 1, NULL),
  (1482, 428, 2, '40000052', 1, NULL),
  (1483, 428, 3, '40000094', 3, NULL),
  (1484, 428, 4, '40000104', 1, NULL),
  (1485, 429, 1, '40000167', 3, NULL),
  (1486, 429, 2, '40000169', 1, NULL),
  (1487, 430, 1, '40000102', 1, 41500),
  (1488, 431, 1, '40000082', 3, NULL),
  (1489, 431, 2, '40000100', 2, 17300),
  (1490, 431, 3, '40000052', 2, NULL),
  (1491, 431, 4, '40000106', 1, 30500),
  (1492, 431, 5, '40000082', 1, NULL),
  (1493, 431, 6, '40000173', 3, NULL),
  (1494, 432, 1, '40000082', 1, NULL),
  (1495, 432, 2, '40000057', 1, NULL),
  (1496, 432, 3, '40000081', 1, NULL),
  (1497, 432, 4, '40000176', 3, NULL),
  (1498, 432, 5, '40000137', 1, NULL),
  (1499, 433, 1, '40000067', 1, NULL),
  (1500, 433, 2, '40000164', 1, NULL),
  (1501, 433, 3, '40000195', 1, 144100),
  (1502, 433, 4, '40000064', 1, 116500),
  (1503, 433, 5, '40000049', 3, NULL),
  (1504, 434, 1, '40000062', 1, NULL),
  (1505, 434, 2, '40000047', 1, NULL),
  (1506, 435, 1, '40000023', 1, NULL),
  (1507, 435, 2, '40000061', 1, NULL),
  (1508, 435, 3, '40000086', 1, NULL),
  (1509, 435, 4, '40000142', 1, NULL),
  (1510, 436, 1, '40000113', 1, NULL),
  (1511, 436, 2, '40000160', 2, NULL),
  (1512, 436, 3, '40000127', 1, NULL),
  (1513, 436, 4, '40000024', 2, NULL),
  (1514, 437, 1, '40000067', 1, NULL),
  (1515, 437, 2, '40000168', 1, NULL),
  (1516, 437, 3, '40000158', 1, NULL),
  (1517, 438, 1, '40000021', 1, NULL),
  (1518, 438, 2, '40000058', 1, NULL),
  (1519, 438, 3, '40000009', 1, NULL),
  (1520, 438, 4, '40000000', 3, 85700),
  (1521, 438, 5, '40000161', 1, NULL),
  (1522, 438, 6, '40000031', 1, NULL),
  (1523, 439, 1, '40000078', 1, 9900),
  (1524, 439, 2, '40000064', 1, NULL),
  (1525, 439, 3, '40000175', 3, NULL),
  (1526, 440, 1, '40000195', 3, NULL),
  (1527, 440, 2, '40000180', 2, NULL),
  (1528, 440, 3, '40000108', 1, NULL),
  (1529, 440, 4, '40000159', 1, NULL),
  (1530, 440, 5, '40000096', 1, NULL),
  (1531, 440, 6, '40000148', 2, NULL),
  (1532, 441, 1, '40000076', 1, 126600),
  (1533, 442, 1, '40000122', 1, NULL),
  (1534, 442, 2, '40000194', 3, NULL),
  (1535, 442, 3, '40000164', 1, 16500),
  (1536, 442, 4, '40000056', 1, NULL),
  (1537, 442, 5, '40000178', 1, NULL),
  (1538, 443, 1, '40000055', 1, NULL),
  (1539, 444, 1, '40000001', 1, NULL),
  (1540, 444, 2, '40000191', 1, NULL),
  (1541, 444, 3, '40000110', 1, NULL),
  (1542, 444, 4, '40000158', 3, NULL),
  (1543, 444, 5, '40000041', 1, NULL),
  (1544, 445, 1, '40000014', 1, NULL),
  (1545, 445, 2, '40000028', 3, NULL),
  (1546, 445, 3, '40000175', 3, NULL),
  (1547, 445, 4, '40000126', 1, NULL),
  (1548, 446, 1, '40000011', 1, NULL),
  (1549, 446, 2, '40000057', 1, 47100),
  (1550, 446, 3, '40000194', 1, NULL),
  (1551, 447, 1, '40000005', 1, NULL),
  (1552, 447, 2, '40000034', 1, NULL),
  (1553, 447, 3, '40000070', 1, NULL),
  (1554, 447, 4, '40000003', 1, NULL),
  (1555, 447, 5, '40000014', 3, NULL),
  (1556, 447, 6, '40000094', 1, NULL),
  (1557, 448, 1, '30602050', 3, NULL),
  (1558, 448, 2, '40000025', 3, NULL),
  (1559, 448, 3, '40000080', 1, NULL),
  (1560, 449, 1, '40000190', 1, NULL),
  (1561, 449, 2, '40000028', 1, NULL),
  (1562, 449, 3, '40000099', 1, NULL),
  (1563, 450, 1, '40000179', 1, NULL),
  (1564, 450, 2, '40000036', 1, 134400),
  (1565, 450, 3, '40000116', 1, NULL),
  (1566, 450, 4, '40000152', 2, NULL),
  (1567, 450, 5, '40000069', 2, NULL),
  (1568, 451, 1, '40000096', 1, NULL),
  (1569, 451, 2, '40000050', 1, NULL),
  (1570, 451, 3, '40000125', 1, NULL),
  (1571, 451, 4, '40000120', 2, NULL),
  (1572, 452, 1, '40000063', 3, 34100),
  (1573, 452, 2, '40000152', 1, NULL),
  (1574, 452, 3, '40000192', 1, NULL),
  (1575, 453, 1, '40000099', 1, NULL),
  (1576, 454, 1, '40000191', 1, NULL),
  (1577, 454, 2, '40000044', 1, NULL),
  (1578, 455, 1, '40000160', 1, NULL),
  (1579, 455, 2, '40000192', 1, NULL),
  (1580, 455, 3, '40000028', 3, NULL),
  (1581, 455, 4, '40000080', 1, NULL),
  (1582, 455, 5, '40000128', 1, NULL),
  (1583, 455, 6, '40000095', 1, 14000),
  (1584, 456, 1, '40000010', 3, NULL),
  (1585, 456, 2, '30715016', 1, NULL),
  (1586, 457, 1, '40000102', 1, NULL),
  (1587, 457, 2, '40000058', 1, NULL),
  (1588, 458, 1, '40000026', 1, NULL),
  (1589, 459, 1, '40000034', 1, 99900),
  (1590, 459, 2, '40000068', 1, NULL),
  (1591, 459, 3, '40000175', 2, NULL),
  (1592, 459, 4, '40000066', 1, NULL),
  (1593, 460, 1, '40000029', 1, NULL),
  (1594, 461, 1, '40000087', 1, 127600),
  (1595, 461, 2, '40000171', 1, 141100),
  (1596, 461, 3, '40000175', 1, NULL),
  (1597, 461, 4, '30715016', 1, NULL),
  (1598, 461, 5, '40000194', 1, NULL),
  (1599, 462, 1, '40000187', 1, NULL),
  (1600, 462, 2, '40000080', 1, NULL),
  (1601, 463, 1, '40000050', 1, NULL),
  (1602, 463, 2, '40000123', 2, NULL),
  (1603, 463, 3, '40000141', 1, NULL),
  (1604, 463, 4, '30602050', 2, NULL),
  (1605, 463, 5, '40000097', 1, NULL),
  (1606, 464, 1, '40000122', 1, NULL),
  (1607, 464, 2, '40000161', 1, NULL),
  (1608, 465, 1, '40000134', 1, NULL),
  (1609, 465, 2, '40000026', 1, NULL),
  (1610, 465, 3, '40000181', 1, NULL),
  (1611, 465, 4, '40000049', 1, NULL),
  (1612, 465, 5, '40000182', 2, NULL),
  (1613, 465, 6, '40000176', 1, NULL),
  (1614, 466, 1, '40000072', 1, NULL),
  (1615, 466, 2, '40000060', 3, NULL),
  (1616, 466, 3, '40000078', 1, 88600),
  (1617, 466, 4, '40000111', 1, NULL),
  (1618, 466, 5, '40000095', 1, 86700),
  (1619, 466, 6, '40000152', 1, NULL),
  (1620, 467, 1, '40000091', 1, NULL),
  (1621, 467, 2, '40000105', 3, NULL),
  (1622, 467, 3, '40000110', 1, NULL),
  (1623, 468, 1, '40000122', 2, NULL),
  (1624, 468, 2, '40000034', 1, NULL),
  (1625, 468, 3, '40000076', 1, NULL),
  (1626, 469, 1, '40000105', 2, 6600),
  (1627, 469, 2, '40000153', 3, NULL),
  (1628, 470, 1, '40000180', 1, NULL),
  (1629, 470, 2, '40000017', 1, NULL),
  (1630, 470, 3, '40000027', 1, NULL),
  (1631, 470, 4, '40000194', 3, NULL),
  (1632, 470, 5, '40000067', 1, NULL),
  (1633, 471, 1, '40000116', 1, 103300),
  (1634, 471, 2, '40000077', 1, NULL),
  (1635, 471, 3, '40000012', 1, 78300),
  (1636, 471, 4, '40000103', 1, NULL),
  (1637, 471, 5, '40000021', 1, 97500),
  (1638, 472, 1, '40000095', 1, NULL),
  (1639, 472, 2, '40000039', 1, 34500),
  (1640, 472, 3, '40000054', 2, NULL),
  (1641, 472, 4, '40000191', 1, NULL),
  (1642, 472, 5, '40000105', 2, NULL),
  (1643, 473, 1, '40000037', 1, NULL),
  (1644, 473, 2, '40000098', 1, NULL),
  (1645, 473, 3, '40000017', 3, NULL),
  (1646, 473, 4, '40000035', 1, NULL),
  (1647, 473, 5, '40000085', 1, NULL),
  (1648, 473, 6, '40000186', 1, NULL),
  (1649, 474, 1, '40000036', 1, 68600),
  (1650, 474, 2, '40000106', 1, NULL),
  (1651, 474, 3, '40000092', 1, NULL),
  (1652, 474, 4, '40000178', 1, NULL),
  (1653, 474, 5, '40000028', 1, NULL),
  (1654, 475, 1, '40000090', 2, NULL),
  (1655, 475, 2, '40000170', 1, NULL),
  (1656, 475, 3, '40000027', 1, NULL),
  (1657, 475, 4, '40000162', 2, 138700),
  (1658, 475, 5, '40000099', 2, NULL),
  (1659, 476, 1, '40000155', 1, 13400),
  (1660, 476, 2, '40000010', 1, NULL),
  (1661, 476, 3, '40000158', 2, NULL),
  (1662, 476, 4, '40000168', 1, NULL),
  (1663, 477, 1, '40000125', 3, NULL),
  (1664, 478, 1, '40000016', 1, 79300),
  (1665, 478, 2, '40000187', 1, NULL),
  (1666, 478, 3, '40000102', 1, NULL),
  (1667, 478, 4, '40000025', 1, NULL),
  (1668, 478, 5, '40000067', 1, 25500),
  (1669, 479, 1, '40000103', 1, NULL),
  (1670, 479, 2, '40000155', 3, NULL),
  (1671, 479, 3, '40000176', 1, NULL),
  (1672, 479, 4, '40000072', 1, NULL),
  (1673, 480, 1, '40000004', 1, NULL),
  (1674, 480, 2, '40000085', 1, NULL),
  (1675, 480, 3, '40000195', 1, NULL),
  (1676, 481, 1, '40000076', 1, NULL),
  (1677, 481, 2, '30602050', 1, NULL),
  (1678, 481, 3, '40000101', 1, 15400),
  (1679, 481, 4, '40000059', 1, NULL),
  (1680, 481, 5, '40000025', 1, NULL),
  (1681, 481, 6, '40000067', 2, NULL),
  (1682, 482, 1, '40000117', 1, NULL),
  (1683, 482, 2, '40000105', 1, NULL),
  (1684, 482, 3, '40000050', 1, NULL),
  (1685, 483, 1, '40000135', 1, 130000),
  (1686, 483, 2, '40000182', 1, NULL),
  (1687, 483, 3, '40000022', 2, NULL),
  (1688, 483, 4, '40000100', 3, 109000),
  (1689, 483, 5, '40000195', 1, NULL),
  (1690, 483, 6, '40000159', 1, NULL),
  (1691, 484, 1, '40000008', 1, NULL),
  (1692, 484, 2, '40000100', 1, NULL),
  (1693, 484, 3, '40000097', 1, 80300),
  (1694, 484, 4, '40000083', 2, 69400),
  (1695, 484, 5, '40000087', 1, NULL),
  (1696, 484, 6, '40000187', 1, NULL),
  (1697, 485, 1, '40000034', 1, NULL),
  (1698, 485, 2, '40000136', 2, NULL),
  (1699, 485, 3, '40000080', 3, 55100),
  (1700, 485, 4, '40000120', 2, NULL),
  (1701, 485, 5, '40000149', 1, NULL),
  (1702, 486, 1, '40000086', 1, NULL),
  (1703, 487, 1, '40000120', 2, NULL),
  (1704, 487, 2, '40000088', 1, NULL),
  (1705, 487, 3, '40000082', 1, NULL),
  (1706, 487, 4, '40000078', 1, NULL),
  (1707, 487, 5, '40000122', 1, NULL),
  (1708, 487, 6, '40000156', 1, NULL),
  (1709, 488, 1, '40000022', 3, NULL),
  (1710, 488, 2, '40000134', 1, NULL),
  (1711, 488, 3, '40000043', 1, 141800),
  (1712, 489, 1, '40000064', 1, NULL),
  (1713, 490, 1, '40000129', 1, NULL),
  (1714, 490, 2, '40000016', 1, NULL),
  (1715, 490, 3, '40000042', 1, NULL),
  (1716, 491, 1, '40000186', 3, NULL),
  (1717, 491, 2, '40000158', 1, NULL),
  (1718, 492, 1, '40000092', 1, NULL),
  (1719, 492, 2, '40000112', 1, NULL),
  (1720, 492, 3, '40000034', 1, NULL),
  (1721, 492, 4, '40000041', 3, NULL),
  (1722, 492, 5, '40000193', 1, NULL),
  (1723, 492, 6, '40000194', 1, NULL),
  (1724, 493, 1, '40000033', 2, NULL),
  (1725, 493, 2, '40000069', 1, 78300),
  (1726, 493, 3, '40000089', 1, NULL),
  (1727, 493, 4, '40000166', 1, NULL),
  (1728, 493, 5, '40000013', 1, NULL),
  (1729, 494, 1, '40000053', 1, NULL),
  (1730, 494, 2, '40000152', 3, NULL),
  (1731, 494, 3, '40000053', 1, NULL),
  (1732, 494, 4, '40000025', 3, NULL),
  (1733, 495, 1, '40000180', 1, NULL),
  (1734, 495, 2, '40000182', 1, NULL),
  (1735, 496, 1, '40000091', 1, NULL),
  (1736, 496, 2, '40000103', 1, NULL),
  (1737, 497, 1, '40000167', 1, NULL),
  (1738, 497, 2, '40000059', 3, NULL),
  (1739, 497, 3, '40000067', 1, 71200),
  (1740, 497, 4, '40000189', 1, NULL),
  (1741, 497, 5, '40000195', 1, NULL),
  (1742, 498, 1, '40000005', 3, NULL),
  (1743, 498, 2, '40000185', 1, 91800),
  (1744, 499, 1, '40000030', 1, NULL),
  (1745, 500, 1, '40000165', 3, NULL),
  (1746, 500, 2, '40000029', 1, NULL),
  (1747, 500, 3, '40000082', 1, NULL),
  (1748, 500, 4, '40000096', 1, NULL);

